-- MySQL dump 10.13  Distrib 8.0.20, for Win64 (x86_64)
--
-- Host: localhost    Database: vk
-- ------------------------------------------------------
-- Server version	8.0.20

/*!40101 SET @OLD_CHARACTER_SET_CLIENT=@@CHARACTER_SET_CLIENT */;
/*!40101 SET @OLD_CHARACTER_SET_RESULTS=@@CHARACTER_SET_RESULTS */;
/*!40101 SET @OLD_COLLATION_CONNECTION=@@COLLATION_CONNECTION */;
/*!50503 SET NAMES utf8mb4 */;
/*!40103 SET @OLD_TIME_ZONE=@@TIME_ZONE */;
/*!40103 SET TIME_ZONE='+00:00' */;
/*!40014 SET @OLD_UNIQUE_CHECKS=@@UNIQUE_CHECKS, UNIQUE_CHECKS=0 */;
/*!40014 SET @OLD_FOREIGN_KEY_CHECKS=@@FOREIGN_KEY_CHECKS, FOREIGN_KEY_CHECKS=0 */;
/*!40101 SET @OLD_SQL_MODE=@@SQL_MODE, SQL_MODE='NO_AUTO_VALUE_ON_ZERO' */;
/*!40111 SET @OLD_SQL_NOTES=@@SQL_NOTES, SQL_NOTES=0 */;

--
-- Table structure for table `comments`
--

DROP TABLE IF EXISTS `comments`;
/*!40101 SET @saved_cs_client     = @@character_set_client */;
/*!50503 SET character_set_client = utf8mb4 */;
CREATE TABLE `comments` (
  `id` bigint unsigned NOT NULL AUTO_INCREMENT,
  `user_id` bigint unsigned NOT NULL,
  `post_id` bigint unsigned NOT NULL,
  `body` text,
  `created_at` datetime DEFAULT CURRENT_TIMESTAMP,
  `updated_at` datetime DEFAULT CURRENT_TIMESTAMP ON UPDATE CURRENT_TIMESTAMP,
  PRIMARY KEY (`id`),
  UNIQUE KEY `id` (`id`),
  KEY `user_id` (`user_id`),
  KEY `post_id` (`post_id`),
  CONSTRAINT `comments_ibfk_1` FOREIGN KEY (`user_id`) REFERENCES `users` (`id`),
  CONSTRAINT `comments_ibfk_2` FOREIGN KEY (`post_id`) REFERENCES `posts` (`id`)
) ENGINE=InnoDB AUTO_INCREMENT=101 DEFAULT CHARSET=utf8mb4 COLLATE=utf8mb4_0900_ai_ci;
/*!40101 SET character_set_client = @saved_cs_client */;

--
-- Dumping data for table `comments`
--

LOCK TABLES `comments` WRITE;
/*!40000 ALTER TABLE `comments` DISABLE KEYS */;
INSERT INTO `comments` VALUES (1,1,1,'Sint et perspiciatis suscipit hic. Quibusdam iure explicabo temporibus provident ullam. Eum error ut consequuntur deserunt.','2017-08-30 22:02:19','1974-12-04 14:51:25'),(2,2,2,'Id reiciendis magnam consectetur quaerat pariatur alias. Libero quis et ut sit soluta possimus dignissimos. Et nulla ex molestias nam.','2006-11-12 12:53:00','2016-09-14 00:28:45'),(3,3,3,'Ut ut esse et saepe eveniet nihil ut. Expedita iste quasi vitae porro non. Rem iste sunt saepe. Quis autem hic aut aut soluta quam nihil.','1985-06-16 03:55:06','2001-06-25 21:10:07'),(4,4,4,'Quos sunt quis similique nulla incidunt architecto dolorum. Dolor repellat nisi impedit quos rerum facilis. Sit qui cum alias nesciunt pariatur recusandae nemo.','2002-05-19 06:54:47','1988-12-04 17:54:09'),(5,5,5,'Sed omnis praesentium inventore repudiandae qui optio. Officia in voluptatem perferendis harum. Ipsa dolor sint deserunt quaerat. Corporis voluptatibus similique tenetur suscipit enim sit.','1989-07-06 11:45:31','1993-04-09 05:19:28'),(6,6,6,'Et voluptatem pariatur accusantium. Iusto non dolores et laudantium accusantium debitis eligendi.','1982-02-20 07:25:05','2015-05-20 05:20:12'),(7,7,7,'Illum sequi quasi omnis voluptatem. Eligendi quia itaque possimus ut eligendi quasi. Commodi eum delectus consequatur ut sit fuga.','1999-05-17 00:16:21','1973-05-30 21:03:05'),(8,8,8,'Omnis deleniti est excepturi tenetur dolor voluptatem. Sequi porro nulla aut voluptate. Vero modi rerum cum ut doloremque qui et. Minus ut libero et unde ad omnis minus sunt.','2008-10-19 10:02:05','2001-10-30 09:39:35'),(9,9,9,'Velit rerum dicta occaecati itaque illo. Id alias qui provident dicta est tempore. Delectus sint est sit eos officia neque ad. Quia reiciendis autem ratione quia porro aut eos voluptatem.','2009-06-08 02:38:53','1986-12-02 06:16:18'),(10,10,10,'Dolor ipsa expedita et architecto totam commodi. Doloremque porro sint deleniti suscipit perspiciatis illo quia soluta. Ratione dolor qui aspernatur optio quis.','1993-08-14 22:43:19','1989-02-06 00:50:07'),(11,11,11,'Qui eum quibusdam itaque unde autem minus est ad. Quia eos tenetur perspiciatis consequuntur. Ut iusto fugiat dolores nihil doloribus.','2004-02-27 08:56:01','1997-06-21 01:11:45'),(12,12,12,'Labore id porro occaecati qui eos. Magnam rerum voluptatem modi sunt. Minima ipsa tenetur architecto sint dolorum quam quisquam. Est veniam fuga corrupti harum rem.','2009-10-01 21:45:49','1982-03-18 00:01:35'),(13,13,13,'Dolores deleniti doloremque sit quia nobis rerum. Alias fugit omnis numquam molestiae facere. Ea id aut alias. Voluptatem at aut sed praesentium. Dolores aut est nisi.','1987-10-30 20:16:00','1983-09-23 09:11:56'),(14,14,14,'Occaecati blanditiis ex sit voluptas. Deserunt distinctio dolores beatae rem. Aut illo provident sunt ut et dolor.','1993-08-26 00:09:37','2010-11-19 06:17:01'),(15,15,15,'Nihil ut nam deleniti facere temporibus quaerat fugit. Corporis et facere accusantium. Inventore nam laudantium vel ducimus velit. Autem neque non officiis voluptatibus et fuga est.','2018-12-16 01:24:39','1974-04-13 21:50:54'),(16,16,16,'Quasi molestiae dolore mollitia omnis. Temporibus provident et nulla magni ipsa qui quae. Laboriosam qui nam enim velit consequatur blanditiis. Cum ipsa iure odit dicta rerum omnis ut.','1993-12-24 05:32:35','2016-01-09 03:43:52'),(17,17,17,'Fugiat molestiae libero quia fuga pariatur quasi. Repellat similique ea quo quis eum. Sint et beatae quidem sit qui architecto similique. Qui nisi consequatur fugiat pariatur nihil aut a.','2014-03-14 09:49:07','1986-09-11 01:41:41'),(18,18,18,'Vel hic cumque ut sed. Sed sunt magni ut nostrum fuga similique repellendus. Et autem dolores magni assumenda dicta.','2019-10-24 05:36:29','2016-07-19 15:59:51'),(19,19,19,'Porro occaecati quis voluptas neque. Aut blanditiis aliquam alias aut quia ad animi. Mollitia enim minus vero alias id ut. Voluptate aut voluptates nihil maxime. Exercitationem sunt blanditiis beatae hic.','1986-07-04 16:25:22','2002-04-04 22:25:46'),(20,20,20,'Harum aut tenetur facere illo possimus. Est illum molestiae dolorem. Inventore sapiente ipsa porro. Ipsam qui minus quisquam voluptas laudantium dignissimos.','1974-01-27 15:24:57','1983-01-31 09:02:09'),(21,21,21,'Qui distinctio voluptas molestiae qui itaque autem. Soluta consequatur aperiam accusantium odit temporibus. Voluptatum libero incidunt voluptatibus amet expedita. Veritatis eos eum atque culpa dolorem nihil.','2010-04-05 20:01:32','1972-05-02 13:47:51'),(22,22,22,'Magnam molestias neque recusandae nihil aut odio facilis. Repellendus atque rerum eligendi dolores. Quo est ea accusantium consequatur vero.','2016-04-27 12:33:06','2001-09-25 20:38:38'),(23,23,23,'Repudiandae hic reiciendis expedita reiciendis ducimus. Voluptates sed iusto dolorem et. Id amet voluptates necessitatibus recusandae.','2007-04-27 05:12:53','1989-02-24 09:20:05'),(24,24,24,'Culpa doloremque voluptatum ea assumenda pariatur sunt ipsum. Quia quaerat voluptates autem.','1988-02-12 10:09:41','1975-03-12 09:23:36'),(25,25,25,'Eum dolorum quis a ut rem vel. Quis qui possimus impedit qui aspernatur. Ut et ipsam ipsum perspiciatis.','2016-10-24 02:25:08','1998-08-27 03:34:29'),(26,26,26,'Quisquam eveniet deserunt ut voluptas atque. Et qui ratione debitis voluptatibus possimus voluptatem. Aut quisquam itaque a error non assumenda.','2016-07-20 12:39:53','1998-02-24 01:22:00'),(27,27,27,'Fuga nam doloribus omnis repudiandae laborum qui aut. Aspernatur dolor unde distinctio sint. Excepturi qui ullam molestiae.','1974-10-18 12:59:02','2000-12-27 13:34:48'),(28,28,28,'Fugiat nihil sit fugit minima. Nobis eos omnis maxime nobis. Quis neque magni sint dolore id facere optio. Vel sit sit quam modi debitis iure.','1993-01-07 12:34:17','1992-10-26 23:38:13'),(29,29,29,'Eaque magnam est qui delectus distinctio impedit. Reiciendis vitae minima quasi mollitia. Laborum necessitatibus amet autem excepturi quia consequuntur aperiam. Totam aut sint nobis eos.','2000-08-08 06:16:22','1997-05-07 07:37:38'),(30,30,30,'Sunt non fugit dolorum. Provident aut totam ullam dolores. Rerum qui saepe voluptas repellat tempora. Ducimus nihil iste ut delectus praesentium.','1981-12-09 08:36:40','2019-08-02 14:52:30'),(31,31,31,'Voluptatum molestiae voluptas repellat. Ut quia nulla vel rerum earum. Eius ut velit ut non qui nam.','1974-12-22 15:49:17','2007-04-24 15:16:54'),(32,32,32,'Officiis architecto suscipit voluptas aliquid quo. Quidem quae facilis illo et perspiciatis ipsam iusto.','2007-05-20 18:08:42','2002-04-16 15:40:38'),(33,33,33,'Recusandae dignissimos vel voluptates debitis qui tenetur. Minus cum enim nesciunt optio perferendis. Praesentium qui repudiandae vitae repudiandae dolorum. Dolorem nisi molestias exercitationem nostrum.','1983-05-14 11:58:06','2008-11-09 01:44:06'),(34,34,34,'Deleniti illo nobis placeat ut commodi. Quae asperiores exercitationem velit sed quis accusamus. Fugiat et perferendis beatae unde perspiciatis.','1997-04-17 21:23:17','1986-04-20 14:47:31'),(35,35,35,'Sint molestiae facilis aut officiis cum inventore et. Aut laboriosam omnis asperiores aut. Voluptatem praesentium magni reiciendis aut ut illum vero aperiam. Odit cumque voluptatem nihil blanditiis eum autem magni sed.','1973-03-12 20:43:31','1978-08-06 22:53:33'),(36,36,36,'Totam aut quis asperiores dignissimos. Voluptatem ea temporibus enim minima consequatur inventore ipsum. Dolores nostrum deserunt nostrum numquam deserunt rem eos.','2012-04-25 23:44:15','1986-02-08 18:56:22'),(37,37,37,'Ea velit voluptatem totam enim natus quo ut. Dolores autem occaecati delectus culpa.','2005-05-25 20:11:39','2003-08-05 14:42:59'),(38,38,38,'Ipsam dicta laborum ut consequatur eum in. Quia dolor fuga praesentium maxime. Nulla ut ratione neque aliquid. Inventore sequi illo ducimus dolorem nihil possimus.','2017-07-08 18:45:39','1973-11-26 04:02:24'),(39,39,39,'Eum ad animi beatae asperiores non quia quia. Tempore et unde quibusdam eum commodi. Et sequi est eum explicabo dolor consequatur error.','1980-04-09 20:03:17','1988-08-26 06:20:02'),(40,40,40,'Nam nobis velit aut. Omnis tempore officia eveniet eos architecto temporibus. Ad labore officiis voluptatibus modi repudiandae. Dolore assumenda nisi qui fugit rerum rem occaecati.','1995-06-06 06:59:22','1980-10-02 05:36:51'),(41,41,41,'Doloremque quae qui voluptas accusantium consequuntur et eos. Illo iste expedita sit quo vitae hic.','2005-09-03 22:14:39','1979-04-16 04:30:58'),(42,42,42,'Omnis ut et aliquid sapiente necessitatibus dolor culpa necessitatibus. Sit quae vero pariatur sint natus omnis. Incidunt aut nihil recusandae rerum. Quae sed et a nulla optio pariatur consequatur.','1992-10-14 22:58:11','2006-02-28 10:55:28'),(43,43,43,'Alias non quas esse beatae a. Illum et harum rerum et. Natus omnis ut non quia eius.','1994-07-16 16:55:01','1976-10-07 05:57:04'),(44,44,44,'Nostrum rem accusantium aliquam exercitationem tenetur nesciunt molestias. Amet quia provident voluptatem voluptatem dolorem velit iusto. Excepturi ducimus qui minus qui dolores autem nobis eum. Eum non cum repudiandae ipsa.','1988-08-01 19:24:47','2010-11-23 04:02:49'),(45,45,45,'Corrupti est in est sunt tempore molestias. Omnis aut praesentium quia nobis. Ut maiores cum aut numquam.','1970-03-29 17:36:58','1985-11-06 13:32:36'),(46,46,46,'Qui voluptas cupiditate maxime pariatur occaecati sit. Maxime itaque voluptatum id temporibus rerum quia. Voluptatibus ut possimus molestiae quis suscipit enim ducimus.','2013-11-02 22:38:17','2013-04-13 22:29:02'),(47,47,47,'Illum ipsum excepturi dolorum itaque sed. Animi qui non est vitae itaque amet consequuntur. Rerum voluptate consequuntur blanditiis ratione consequuntur architecto. Commodi ut rerum sed sint velit quo quis qui. Provident enim perferendis corporis quisquam placeat libero.','1994-02-04 07:56:23','2002-06-26 06:21:34'),(48,48,48,'Commodi numquam cum iure quibusdam soluta vel consequatur ex. Ut et facilis illum ut asperiores est cumque. Qui vitae aut minus perferendis aut repellendus.','2003-03-14 08:54:44','2000-12-15 05:22:59'),(49,49,49,'Qui rem sunt occaecati non iusto. Et sequi distinctio quo non id qui non. Quam repudiandae accusantium et repellat necessitatibus maxime. Tempore porro cumque est consequuntur omnis sed.','1990-07-04 21:06:57','1984-02-25 02:51:56'),(50,50,50,'Architecto tempora nemo quisquam aperiam architecto quos dicta. Unde magnam minima voluptatem ipsam perferendis. Perspiciatis qui placeat voluptatem voluptas modi adipisci rem nobis.','2000-04-15 18:31:14','2015-11-04 06:26:59'),(51,51,51,'Qui non magnam aut recusandae accusamus quia. Totam quibusdam harum doloremque. Et consequatur praesentium rem. Voluptatem illum labore expedita dolorem veniam ullam quia. Ut reiciendis consequatur aut perspiciatis suscipit beatae.','2013-04-21 12:51:25','2017-05-28 06:16:39'),(52,52,52,'Tempora impedit quasi debitis voluptatem inventore minima aliquid. Enim et adipisci odio qui alias qui numquam et. Eaque sed et est sed doloremque.','1993-11-02 07:23:10','2019-03-08 08:43:45'),(53,53,53,'Optio impedit rerum officia eligendi qui. Ratione saepe sit nisi ab. Placeat quia ipsum at aliquam quo saepe sapiente.','1999-05-12 10:40:22','2016-04-03 18:40:18'),(54,54,54,'Officia quaerat sit expedita. Ipsa et sit a dolores. Doloremque quae sit rerum. Aut vitae sequi cumque autem illum tenetur voluptatem.','2006-02-02 22:52:16','1976-09-30 18:08:05'),(55,55,55,'Perspiciatis et exercitationem id sint in saepe minima alias. Quisquam quia aut rerum et qui vero id. Nisi voluptatem consectetur corporis aut iusto.','2014-04-04 08:19:40','1987-07-13 02:53:52'),(56,56,56,'Veritatis ut totam praesentium. Quos rem nam porro culpa distinctio. Possimus aliquam omnis ut voluptas sed. Quas libero voluptas eos reiciendis et nihil.','2000-01-06 02:38:22','1996-06-02 03:25:31'),(57,57,57,'Alias quae aut voluptas blanditiis. Distinctio ut assumenda aut rerum error quae perspiciatis. Veritatis qui et pariatur consequuntur sed quas.','1987-04-03 17:58:06','1979-02-15 11:53:52'),(58,58,58,'Deserunt et quia praesentium nostrum veniam adipisci. Ducimus maiores nostrum perspiciatis. Necessitatibus sed placeat itaque unde asperiores et inventore.','2020-05-17 20:03:23','1998-01-09 10:28:01'),(59,59,59,'Omnis corporis voluptatem praesentium ea fuga natus cumque sint. Nihil eum autem voluptas tenetur est. Delectus et quam expedita magni corporis dolores beatae consectetur. Dicta officiis dolor aperiam consequatur eveniet.','2005-05-03 22:29:15','2000-05-24 10:39:11'),(60,60,60,'Vitae rem sunt molestiae perferendis aut. Omnis adipisci voluptatem dignissimos ut cupiditate omnis. Voluptatem nobis ex vel modi consectetur id.','1986-07-03 12:45:14','1998-07-01 22:49:16'),(61,61,61,'Veritatis deserunt omnis illo veniam dolorem dicta pariatur accusamus. Asperiores minima animi autem non deleniti impedit modi labore. Culpa dolor facilis id quis maiores. Omnis cupiditate officiis nihil illum omnis dolorem. Recusandae ut dolor facilis deserunt saepe.','1997-09-26 14:38:13','1971-06-29 01:46:15'),(62,62,62,'Dolor debitis aperiam corporis qui. Error cumque ut consequuntur temporibus id minus. Aut magni iusto dolor quod. Animi et sit a omnis mollitia.','1978-07-24 09:46:46','2017-12-27 22:19:23'),(63,63,63,'Quia consequatur dolorem animi et. Dolores modi expedita velit est ipsum eius. Sequi maxime necessitatibus voluptatum sapiente maxime. Officiis ut incidunt amet porro. Vel animi reprehenderit nihil ea laudantium ipsum.','2018-07-16 20:53:45','2012-05-14 16:37:20'),(64,64,64,'Et aut autem officiis explicabo similique. Officiis qui aut quae qui est omnis. Culpa veniam quidem similique sequi mollitia sapiente. Qui eius eligendi iure quibusdam odit ipsam aspernatur.','2008-12-01 07:39:31','2019-05-13 00:26:45'),(65,65,65,'Exercitationem nihil deserunt et sequi officia porro blanditiis. Soluta qui consectetur voluptate est ratione provident itaque. Doloremque ab ut labore vel possimus veniam nemo. Corporis consequuntur nesciunt molestiae quia et deleniti perferendis.','1994-03-05 18:38:08','2006-04-08 04:54:10'),(66,66,66,'Rem enim cum vel dolore dolorum laboriosam. Qui debitis voluptatem aperiam. Incidunt illum et neque. Occaecati voluptas mollitia cupiditate fuga.','2008-05-26 22:09:00','2010-03-20 18:01:04'),(67,67,67,'Quia necessitatibus sed eveniet atque nesciunt. Quibusdam non eos nam.','2019-07-23 03:01:47','2003-11-26 17:27:14'),(68,68,68,'Omnis architecto rem odit. Laboriosam dolor ut maiores eum voluptate. Quibusdam adipisci aut est similique dicta ratione.','1982-01-13 03:21:21','2010-08-24 09:50:40'),(69,69,69,'Nihil unde eum autem enim explicabo sequi. Alias voluptas veniam tempore necessitatibus. Tenetur unde quas aut molestiae veniam voluptatum qui. Hic modi enim quo. Ut quia odio sed.','1972-08-31 03:50:21','2011-06-01 18:00:30'),(70,70,70,'Eos voluptatum voluptatem est minima. Ut inventore unde itaque rerum. Suscipit neque aut optio sed ipsam.','1989-07-13 22:24:57','2017-12-21 16:37:17'),(71,71,71,'Dolores ipsum ut est facere eos id. Nemo aut suscipit placeat doloribus iure quod repellat eligendi. Perspiciatis eius ex doloremque sint voluptatem explicabo voluptatem.','1978-04-20 03:01:39','1997-07-18 05:51:17'),(72,72,72,'Et in officia numquam molestiae est et ipsum. Est at numquam saepe et qui nostrum exercitationem. Esse accusantium quia quia libero hic.','1978-06-15 18:24:39','1995-06-09 05:04:19'),(73,73,73,'Porro et rem laudantium quam saepe. Animi itaque non ipsa. Quos libero quis corporis iure asperiores aliquid explicabo dolorum. Laborum nihil neque quia quae expedita provident. Laboriosam quod necessitatibus aliquam debitis qui cumque.','1980-08-09 00:32:00','1996-02-20 13:22:19'),(74,74,74,'Inventore facere impedit ipsa eveniet voluptate sit sunt. Modi esse nulla quae possimus quibusdam quia possimus. Ducimus dolor odio qui blanditiis corrupti corrupti.','1975-01-29 09:53:17','2017-06-01 19:40:25'),(75,75,75,'Nobis neque ducimus fuga aperiam pariatur vel nesciunt. Aliquam ratione optio sed et voluptatum saepe. Eos optio aspernatur qui.','2005-06-19 12:50:02','2019-05-09 17:08:40'),(76,76,76,'Magnam modi sed quibusdam adipisci magnam ut exercitationem. Eaque maiores occaecati odio dignissimos animi. Deserunt sed aut ut modi. Cumque qui temporibus eos dolorem et.','2007-03-13 11:48:09','1997-01-20 14:02:18'),(77,77,77,'Autem quas debitis quia aliquid est voluptas. Rem praesentium dolores illum excepturi et et velit enim. Ullam suscipit eveniet in nemo est. Soluta sunt temporibus laudantium voluptas iusto.','1998-10-31 00:54:57','1992-09-16 04:57:35'),(78,78,78,'Enim culpa ab deleniti ut. Ut voluptatem molestiae quisquam quod distinctio assumenda dicta provident. Qui aut ut enim quia. Architecto fugiat sit unde aut provident.','2006-07-05 07:04:57','1998-11-28 19:55:35'),(79,79,79,'Quia ut aut similique. Dolor tempore placeat qui cum eum odio iure vel. Velit excepturi qui consequatur ipsum.','1983-11-03 07:42:37','1976-06-30 04:05:29'),(80,80,80,'Praesentium assumenda et quo iure eius. Molestias pariatur quo veritatis reprehenderit necessitatibus pariatur et. Dolor necessitatibus sit unde molestias dolorum.','1997-06-11 21:49:01','2015-12-18 05:53:48'),(81,81,81,'Officia numquam vero ducimus eum ut. Quia natus qui repudiandae aut inventore possimus. Exercitationem molestias voluptates voluptas qui. Non beatae officia occaecati placeat vel.','2009-11-19 00:51:31','2011-12-17 02:07:10'),(82,82,82,'Perferendis veniam recusandae quis rem nulla. Vel deserunt et et ab. Molestias laboriosam sed quisquam.','1975-05-17 00:43:46','1996-03-08 03:59:13'),(83,83,83,'Omnis ut sit iusto harum. Cumque ut voluptas rerum repellat. Eligendi provident ut eum soluta sint.','1971-09-07 14:16:20','1995-02-14 17:57:29'),(84,84,84,'Quos illo voluptatem voluptas assumenda nam quia ad. Libero dolores odio consequatur quia. Optio iste nostrum eum fuga est minus repudiandae.','2019-08-14 11:30:05','1983-09-04 00:51:05'),(85,85,85,'Sapiente tempora deleniti modi praesentium adipisci. Nihil qui sit qui odit voluptas omnis hic nulla. Et aliquid eligendi nobis inventore veniam perferendis et.','1980-07-06 14:07:36','2005-11-02 12:35:49'),(86,86,86,'Impedit molestiae velit totam nostrum. Occaecati voluptatem accusamus doloremque eveniet qui.','1986-03-14 04:30:29','2007-08-15 15:51:26'),(87,87,87,'Quo voluptatem voluptates tenetur sit eos dolorum ducimus. Sunt eum fuga doloribus ut voluptas. Ea vel animi sed. Ut eius veniam repellat ut cum earum molestiae.','2013-07-02 09:28:03','1997-09-05 05:31:41'),(88,88,88,'Est animi natus praesentium aut. Quam qui quibusdam itaque expedita qui quod expedita. Fugiat ad natus rem aperiam fugiat rerum.','1973-02-23 00:02:22','1988-08-22 02:49:10'),(89,89,89,'Est qui saepe quam maiores quidem magni qui ducimus. Tempora asperiores sunt error voluptates omnis voluptatem neque. Animi optio necessitatibus minima omnis qui voluptas.','1975-04-05 04:35:49','1970-11-28 05:07:36'),(90,90,90,'Consequatur excepturi debitis quasi. Perspiciatis quas hic officiis optio consequatur perspiciatis non. Quasi tenetur inventore labore id nesciunt quidem. Laboriosam voluptatum necessitatibus dolorem necessitatibus tempore.','1997-07-14 17:53:58','1978-08-19 04:41:08'),(91,91,91,'Et sunt praesentium officiis et. Qui non recusandae accusamus. Provident ea praesentium odio dicta et nihil.','1986-06-30 19:37:46','1995-08-05 00:05:40'),(92,92,92,'Voluptates rerum incidunt eos harum. Autem nesciunt inventore ut autem minus soluta. Eum consequatur tenetur sit inventore laboriosam architecto et.','1977-10-07 05:43:17','2016-04-04 20:15:23'),(93,93,93,'Iure fuga eveniet eligendi numquam corrupti. Consequatur dolorem voluptatum ut quis distinctio aliquid temporibus dicta. Ipsam minus reiciendis et voluptatem exercitationem atque minima.','2017-09-12 05:55:18','2008-02-28 05:18:48'),(94,94,94,'Error nemo iste veritatis vitae facere. Sunt libero aperiam doloremque et rerum. Exercitationem eum doloribus nisi laboriosam. Ipsam et illo maiores voluptas vel a.','2007-01-24 18:36:29','1982-07-30 08:09:50'),(95,95,95,'Architecto minima quos voluptates beatae. Cumque adipisci fugiat quisquam sunt dicta architecto nulla. Ut perferendis aut quia animi et quia aperiam. Et animi consequuntur laborum repudiandae. At sed dolores veniam autem minus veritatis quidem.','1993-01-31 21:42:35','2006-06-19 17:56:56'),(96,96,96,'Libero et sunt voluptatum odit aperiam. Nisi qui consequuntur repudiandae qui omnis. Beatae voluptate molestias rerum fuga autem temporibus fuga dolor.','2019-01-09 12:14:24','2014-03-30 16:47:56'),(97,97,97,'Autem ut tempora quo assumenda esse. Eius laborum earum aut consectetur repudiandae vel consequatur repellat. Totam non sunt vel ut. Ratione quia minus velit repellat reiciendis qui.','2020-04-24 21:16:33','1982-08-28 10:44:04'),(98,98,98,'Hic rerum et quidem et aperiam. Dolorem impedit sequi nisi voluptas sunt saepe ducimus. Illo consectetur consequatur et eos consequuntur qui. Sed numquam ea quis earum.','1978-03-01 16:42:58','2020-07-07 10:26:53'),(99,99,99,'Blanditiis repellat et eius voluptates ut nobis. Corrupti natus sunt perferendis voluptatem. Ipsam enim quibusdam itaque quos unde ex eos voluptatibus.','2011-01-31 16:11:10','2014-03-06 03:52:17'),(100,100,100,'Eius eos exercitationem id debitis ut. Tempore quo quia expedita et optio. Dicta velit molestiae quis vel aliquam sed.','1991-09-25 20:34:07','2019-12-25 22:33:38');
/*!40000 ALTER TABLE `comments` ENABLE KEYS */;
UNLOCK TABLES;

--
-- Table structure for table `communities`
--

DROP TABLE IF EXISTS `communities`;
/*!40101 SET @saved_cs_client     = @@character_set_client */;
/*!50503 SET character_set_client = utf8mb4 */;
CREATE TABLE `communities` (
  `id` bigint unsigned NOT NULL AUTO_INCREMENT,
  `name` varchar(255) DEFAULT NULL,
  PRIMARY KEY (`id`),
  UNIQUE KEY `id` (`id`),
  KEY `name` (`name`)
) ENGINE=InnoDB AUTO_INCREMENT=101 DEFAULT CHARSET=utf8mb4 COLLATE=utf8mb4_0900_ai_ci;
/*!40101 SET character_set_client = @saved_cs_client */;

--
-- Dumping data for table `communities`
--

LOCK TABLES `communities` WRITE;
/*!40000 ALTER TABLE `communities` DISABLE KEYS */;
INSERT INTO `communities` VALUES (41,'accusamus'),(32,'ad'),(24,'aliquid'),(47,'amet'),(12,'aperiam'),(44,'architecto'),(50,'asperiores'),(31,'aspernatur'),(97,'assumenda'),(27,'at'),(19,'aut'),(43,'autem'),(76,'blanditiis'),(82,'consectetur'),(10,'consequatur'),(1,'consequuntur'),(25,'cumque'),(67,'cupiditate'),(71,'debitis'),(8,'deleniti'),(93,'deserunt'),(42,'dignissimos'),(22,'dolore'),(85,'dolorem'),(90,'doloremque'),(73,'dolores'),(74,'dolorum'),(69,'ducimus'),(36,'ea'),(46,'earum'),(87,'eligendi'),(68,'enim'),(79,'eos'),(7,'est'),(30,'et'),(23,'eum'),(55,'eveniet'),(96,'ex'),(63,'exercitationem'),(58,'facilis'),(92,'fuga'),(61,'fugit'),(98,'harum'),(20,'hic'),(35,'impedit'),(65,'in'),(29,'iste'),(11,'iure'),(70,'maxime'),(6,'molestiae'),(75,'molestias'),(100,'mollitia'),(72,'nam'),(53,'necessitatibus'),(3,'nemo'),(56,'neque'),(78,'nesciunt'),(38,'non'),(16,'nulla'),(49,'occaecati'),(84,'odio'),(15,'omnis'),(95,'pariatur'),(60,'placeat'),(26,'possimus'),(57,'praesentium'),(80,'quae'),(9,'quaerat'),(66,'quam'),(51,'qui'),(18,'quia'),(88,'quibusdam'),(28,'quisquam'),(14,'quo'),(83,'quos'),(13,'ratione'),(34,'reiciendis'),(5,'rem'),(62,'repellendus'),(91,'repudiandae'),(40,'rerum'),(77,'saepe'),(37,'sapiente'),(2,'sed'),(59,'sequi'),(52,'sit'),(81,'soluta'),(45,'suscipit'),(86,'tempora'),(89,'temporibus'),(33,'tenetur'),(17,'totam'),(48,'ullam'),(21,'ut'),(64,'vel'),(4,'velit'),(94,'voluptas'),(54,'voluptatem'),(39,'voluptates'),(99,'voluptatibus');
/*!40000 ALTER TABLE `communities` ENABLE KEYS */;
UNLOCK TABLES;

--
-- Table structure for table `friend_requests`
--

DROP TABLE IF EXISTS `friend_requests`;
/*!40101 SET @saved_cs_client     = @@character_set_client */;
/*!50503 SET character_set_client = utf8mb4 */;
CREATE TABLE `friend_requests` (
  `initiator_user_id` bigint unsigned NOT NULL,
  `target_user_id` bigint unsigned NOT NULL,
  `satus` enum('requested','approved','unfriended','declined') DEFAULT 'requested',
  `requested_at` datetime DEFAULT CURRENT_TIMESTAMP,
  `confirmed_at` datetime DEFAULT NULL,
  PRIMARY KEY (`initiator_user_id`,`target_user_id`),
  KEY `initiator_user_id` (`initiator_user_id`),
  KEY `target_user_id` (`target_user_id`),
  CONSTRAINT `friend_requests_ibfk_1` FOREIGN KEY (`initiator_user_id`) REFERENCES `users` (`id`),
  CONSTRAINT `friend_requests_ibfk_2` FOREIGN KEY (`target_user_id`) REFERENCES `users` (`id`)
) ENGINE=InnoDB DEFAULT CHARSET=utf8mb4 COLLATE=utf8mb4_0900_ai_ci;
/*!40101 SET character_set_client = @saved_cs_client */;

--
-- Dumping data for table `friend_requests`
--

LOCK TABLES `friend_requests` WRITE;
/*!40000 ALTER TABLE `friend_requests` DISABLE KEYS */;
INSERT INTO `friend_requests` VALUES (1,1,'unfriended','2012-08-30 02:14:25','1984-03-26 02:54:07'),(2,2,'approved','2011-05-17 22:17:14','1982-03-23 03:45:57'),(3,3,'requested','1975-02-03 14:38:44','2014-03-24 10:06:04'),(4,4,'unfriended','2014-05-14 22:12:04','1989-05-01 06:16:39'),(5,5,'unfriended','1973-10-12 00:59:33','1982-07-29 08:37:33'),(6,6,'requested','1986-02-09 03:37:51','1971-12-30 05:09:39'),(7,7,'approved','1999-02-18 11:42:17','2002-03-02 16:51:46'),(8,8,'declined','1989-07-18 15:51:05','2018-03-04 11:25:20'),(9,9,'declined','1984-10-02 20:22:23','2001-02-03 13:11:15'),(10,10,'requested','1978-12-13 21:33:00','1987-11-08 04:19:46'),(11,11,'unfriended','1997-02-18 06:23:19','2003-02-17 22:09:33'),(12,12,'approved','1976-09-01 08:37:58','1985-06-02 18:13:58'),(13,13,'approved','2011-03-07 02:13:21','1977-06-18 13:17:13'),(14,14,'declined','1995-07-26 04:08:22','2017-07-06 10:28:48'),(15,15,'approved','1979-04-02 17:09:30','2015-11-19 07:25:10'),(16,16,'requested','1994-06-14 07:55:28','1997-11-04 02:27:55'),(17,17,'requested','2015-08-14 16:44:31','2018-12-22 00:57:25'),(18,18,'unfriended','1976-08-08 06:02:34','1988-01-26 03:13:47'),(19,19,'unfriended','2015-06-13 21:08:36','2007-12-21 15:00:55'),(20,20,'requested','1989-12-04 03:01:38','1980-06-16 20:50:54'),(21,21,'approved','2007-06-23 19:28:15','1995-03-26 09:30:11'),(22,22,'unfriended','1993-10-12 03:34:59','1976-10-18 01:40:47'),(23,23,'declined','1988-03-28 07:53:52','1989-07-08 16:57:12'),(24,24,'requested','1996-10-30 10:14:50','2020-04-24 00:08:31'),(25,25,'declined','1987-04-09 00:57:14','2000-08-07 07:21:23'),(26,26,'declined','2019-10-24 19:27:22','2019-01-06 15:45:19'),(27,27,'unfriended','1981-01-24 15:22:30','2009-07-11 01:59:58'),(28,28,'requested','1972-10-19 10:50:54','1988-05-10 23:13:23'),(29,29,'declined','2006-09-11 21:05:25','2020-05-14 06:20:39'),(30,30,'declined','2016-07-21 11:44:24','2008-08-08 21:04:41'),(31,31,'declined','1984-03-12 15:33:52','2011-12-15 04:59:20'),(32,32,'declined','2001-05-10 17:26:41','1982-03-31 18:06:50'),(33,33,'requested','1983-06-30 08:02:33','1998-06-18 07:21:05'),(34,34,'approved','1993-08-20 03:44:55','1986-03-03 12:02:42'),(35,35,'requested','2008-09-15 07:37:16','1978-01-03 13:20:50'),(36,36,'unfriended','1972-05-27 21:51:38','2003-04-08 20:45:36'),(37,37,'declined','2003-05-15 04:30:05','1984-11-20 14:26:24'),(38,38,'approved','1970-07-27 13:06:37','1978-03-08 14:17:19'),(39,39,'declined','1991-08-26 16:23:03','2016-11-10 06:58:26'),(40,40,'declined','1984-06-23 02:59:03','1976-08-26 10:41:59'),(41,41,'approved','2004-10-28 19:41:52','1987-10-30 23:26:56'),(42,42,'approved','2010-03-14 03:27:17','1988-04-10 19:14:49'),(43,43,'declined','1991-09-12 15:00:36','1990-06-28 19:16:06'),(44,44,'requested','1995-05-14 15:07:22','1979-06-15 17:48:56'),(45,45,'declined','2001-12-14 07:54:52','2004-04-16 13:17:37'),(46,46,'declined','1971-03-23 10:55:38','1994-07-13 18:01:30'),(47,47,'approved','2000-05-16 09:17:10','1979-11-01 13:54:03'),(48,48,'requested','2004-03-22 11:24:26','1983-10-12 02:25:30'),(49,49,'declined','2014-12-22 08:02:39','2012-05-28 21:07:14'),(50,50,'declined','2017-02-25 15:38:51','1999-11-04 07:29:32'),(51,51,'requested','2019-10-12 23:34:19','1996-01-02 22:41:34'),(52,52,'unfriended','2017-12-26 04:04:29','1970-09-21 22:44:31'),(53,53,'approved','1979-11-05 08:35:55','2003-12-26 20:11:17'),(54,54,'declined','1994-11-10 05:38:25','1988-05-30 14:23:16'),(55,55,'unfriended','2015-02-22 16:36:07','1974-02-17 00:13:05'),(56,56,'requested','2001-02-24 17:06:44','1999-09-02 20:30:21'),(57,57,'declined','1974-07-19 12:40:38','2019-05-21 10:39:28'),(58,58,'declined','2007-02-14 16:22:11','2009-04-09 14:33:24'),(59,59,'declined','1986-02-08 07:06:51','1975-03-18 09:46:01'),(60,60,'requested','1999-12-11 02:51:38','1993-02-11 21:50:25'),(61,61,'declined','2016-09-05 16:34:59','1979-07-11 03:18:48'),(62,62,'approved','2002-07-22 11:44:09','1975-03-09 20:18:40'),(63,63,'requested','2020-04-22 10:58:27','2011-02-08 19:24:32'),(64,64,'declined','1994-12-20 06:38:55','2001-08-27 11:13:43'),(65,65,'requested','2018-04-02 12:28:12','1988-08-23 17:36:36'),(66,66,'unfriended','1993-09-17 17:31:29','2005-01-14 02:35:24'),(67,67,'declined','2001-04-29 03:36:16','2017-06-13 06:02:50'),(68,68,'unfriended','1973-01-24 04:49:27','1991-06-24 10:50:48'),(69,69,'approved','2004-08-29 19:52:42','1980-07-21 06:49:51'),(70,70,'declined','2004-05-18 01:12:14','1995-06-12 04:47:17'),(71,71,'declined','2014-06-11 09:09:13','2004-02-19 01:57:40'),(72,72,'unfriended','2004-02-03 22:33:59','2012-07-13 06:00:29'),(73,73,'declined','1972-07-24 05:23:46','2003-07-19 11:06:39'),(74,74,'unfriended','1990-07-05 08:58:03','1990-02-25 02:08:25'),(75,75,'approved','1995-02-11 04:49:10','1998-07-30 06:59:04'),(76,76,'requested','1997-10-01 13:45:02','1997-09-17 12:29:34'),(77,77,'requested','1993-01-24 23:20:45','1998-09-29 11:04:22'),(78,78,'approved','1997-04-03 03:18:37','2013-04-30 06:22:09'),(79,79,'declined','1972-08-13 09:30:15','1988-08-01 14:55:52'),(80,80,'declined','1982-04-26 17:28:10','2006-02-07 10:21:58'),(81,81,'requested','1980-11-08 05:03:43','2015-08-02 14:23:05'),(82,82,'declined','1989-04-22 07:16:03','2014-07-05 11:36:02'),(83,83,'approved','2009-10-06 02:06:36','1970-10-08 10:35:03'),(84,84,'unfriended','2001-03-02 16:52:42','1976-12-14 06:09:14'),(85,85,'approved','2015-09-09 23:29:35','1994-01-17 17:10:46'),(86,86,'unfriended','1997-12-21 00:58:40','2014-04-15 19:37:25'),(87,87,'declined','1982-10-29 00:40:03','1995-06-25 07:17:16'),(88,88,'unfriended','1985-11-12 20:03:29','1985-07-29 21:27:54'),(89,89,'approved','1994-01-23 19:13:31','1992-08-09 23:35:06'),(90,90,'approved','1971-06-24 03:05:01','1998-03-28 08:54:51'),(91,91,'unfriended','1992-09-08 23:12:42','1989-09-14 14:53:48'),(92,92,'declined','2010-05-23 11:20:42','2004-02-13 02:57:31'),(93,93,'approved','1976-03-18 14:20:28','1978-06-07 11:25:56'),(94,94,'unfriended','1979-09-27 11:45:35','1985-10-30 10:56:43'),(95,95,'unfriended','2009-04-18 06:57:28','1993-03-14 04:11:24'),(96,96,'approved','1994-12-08 20:08:09','2020-02-21 01:38:02'),(97,97,'unfriended','2003-04-21 05:44:47','1985-11-19 17:32:16'),(98,98,'approved','1974-09-14 11:23:58','2005-09-05 10:12:18'),(99,99,'approved','2008-09-13 00:41:53','2012-08-30 09:39:43'),(100,100,'requested','2010-04-18 20:08:09','1991-06-17 05:51:13');
/*!40000 ALTER TABLE `friend_requests` ENABLE KEYS */;
UNLOCK TABLES;

--
-- Table structure for table `like_for_p`
--

DROP TABLE IF EXISTS `like_for_p`;
/*!40101 SET @saved_cs_client     = @@character_set_client */;
/*!50503 SET character_set_client = utf8mb4 */;
CREATE TABLE `like_for_p` (
  `post_id` bigint unsigned NOT NULL,
  `user_id` bigint unsigned NOT NULL,
  PRIMARY KEY (`post_id`,`user_id`),
  KEY `user_id` (`user_id`),
  CONSTRAINT `like_for_p_ibfk_1` FOREIGN KEY (`user_id`) REFERENCES `users` (`id`),
  CONSTRAINT `like_for_p_ibfk_2` FOREIGN KEY (`post_id`) REFERENCES `posts` (`id`)
) ENGINE=InnoDB DEFAULT CHARSET=utf8mb4 COLLATE=utf8mb4_0900_ai_ci;
/*!40101 SET character_set_client = @saved_cs_client */;

--
-- Dumping data for table `like_for_p`
--

LOCK TABLES `like_for_p` WRITE;
/*!40000 ALTER TABLE `like_for_p` DISABLE KEYS */;
INSERT INTO `like_for_p` VALUES (1,1),(2,2),(3,3),(4,4),(5,5),(6,6),(7,7),(8,8),(9,9),(10,10),(11,11),(12,12),(13,13),(14,14),(15,15),(16,16),(17,17),(18,18),(19,19),(20,20),(21,21),(22,22),(23,23),(24,24),(25,25),(26,26),(27,27),(28,28),(29,29),(30,30),(31,31),(32,32),(33,33),(34,34),(35,35),(36,36),(37,37),(38,38),(39,39),(40,40),(41,41),(42,42),(43,43),(44,44),(45,45),(46,46),(47,47),(48,48),(49,49),(50,50),(51,51),(52,52),(53,53),(54,54),(55,55),(56,56),(57,57),(58,58),(59,59),(60,60),(61,61),(62,62),(63,63),(64,64),(65,65),(66,66),(67,67),(68,68),(69,69),(70,70),(71,71),(72,72),(73,73),(74,74),(75,75),(76,76),(77,77),(78,78),(79,79),(80,80),(81,81),(82,82),(83,83),(84,84),(85,85),(86,86),(87,87),(88,88),(89,89),(90,90),(91,91),(92,92),(93,93),(94,94),(95,95),(96,96),(97,97),(98,98),(99,99),(100,100);
/*!40000 ALTER TABLE `like_for_p` ENABLE KEYS */;
UNLOCK TABLES;

--
-- Table structure for table `like_for_ph`
--

DROP TABLE IF EXISTS `like_for_ph`;
/*!40101 SET @saved_cs_client     = @@character_set_client */;
/*!50503 SET character_set_client = utf8mb4 */;
CREATE TABLE `like_for_ph` (
  `photo_id` bigint unsigned NOT NULL,
  `user_id` bigint unsigned NOT NULL,
  PRIMARY KEY (`photo_id`,`user_id`),
  KEY `user_id` (`user_id`),
  CONSTRAINT `like_for_ph_ibfk_1` FOREIGN KEY (`user_id`) REFERENCES `users` (`id`),
  CONSTRAINT `like_for_ph_ibfk_2` FOREIGN KEY (`photo_id`) REFERENCES `photo` (`id`)
) ENGINE=InnoDB DEFAULT CHARSET=utf8mb4 COLLATE=utf8mb4_0900_ai_ci;
/*!40101 SET character_set_client = @saved_cs_client */;

--
-- Dumping data for table `like_for_ph`
--

LOCK TABLES `like_for_ph` WRITE;
/*!40000 ALTER TABLE `like_for_ph` DISABLE KEYS */;
INSERT INTO `like_for_ph` VALUES (1,1),(2,2),(3,3),(4,4),(5,5),(6,6),(7,7),(8,8),(9,9),(10,10),(11,11),(12,12),(13,13),(14,14),(15,15),(16,16),(17,17),(18,18),(19,19),(20,20),(21,21),(22,22),(23,23),(24,24),(25,25),(26,26),(27,27),(28,28),(29,29),(30,30),(31,31),(32,32),(33,33),(34,34),(35,35),(36,36),(37,37),(38,38),(39,39),(40,40),(41,41),(42,42),(43,43),(44,44),(45,45),(46,46),(47,47),(48,48),(49,49),(50,50),(51,51),(52,52),(53,53),(54,54),(55,55),(56,56),(57,57),(58,58),(59,59),(60,60),(61,61),(62,62),(63,63),(64,64),(65,65),(66,66),(67,67),(68,68),(69,69),(70,70),(71,71),(72,72),(73,73),(74,74),(75,75),(76,76),(77,77),(78,78),(79,79),(80,80),(81,81),(82,82),(83,83),(84,84),(85,85),(86,86),(87,87),(88,88),(89,89),(90,90),(91,91),(92,92),(93,93),(94,94),(95,95),(96,96),(97,97),(98,98),(99,99),(100,100);
/*!40000 ALTER TABLE `like_for_ph` ENABLE KEYS */;
UNLOCK TABLES;

--
-- Table structure for table `like_for_u`
--

DROP TABLE IF EXISTS `like_for_u`;
/*!40101 SET @saved_cs_client     = @@character_set_client */;
/*!50503 SET character_set_client = utf8mb4 */;
CREATE TABLE `like_for_u` (
  `like_to` bigint unsigned NOT NULL,
  `like_by` bigint unsigned NOT NULL,
  PRIMARY KEY (`like_to`,`like_by`),
  KEY `like_by` (`like_by`),
  CONSTRAINT `like_for_u_ibfk_1` FOREIGN KEY (`like_to`) REFERENCES `users` (`id`),
  CONSTRAINT `like_for_u_ibfk_2` FOREIGN KEY (`like_by`) REFERENCES `users` (`id`)
) ENGINE=InnoDB DEFAULT CHARSET=utf8mb4 COLLATE=utf8mb4_0900_ai_ci;
/*!40101 SET character_set_client = @saved_cs_client */;

--
-- Dumping data for table `like_for_u`
--

LOCK TABLES `like_for_u` WRITE;
/*!40000 ALTER TABLE `like_for_u` DISABLE KEYS */;
INSERT INTO `like_for_u` VALUES (1,1),(2,2),(3,3),(4,4),(5,5),(6,6),(7,7),(8,8),(9,9),(10,10),(11,11),(12,12),(13,13),(14,14),(15,15),(16,16),(17,17),(18,18),(19,19),(20,20),(21,21),(22,22),(23,23),(24,24),(25,25),(26,26),(27,27),(28,28),(29,29),(30,30),(31,31),(32,32),(33,33),(34,34),(35,35),(36,36),(37,37),(38,38),(39,39),(40,40),(41,41),(42,42),(43,43),(44,44),(45,45),(46,46),(47,47),(48,48),(49,49),(50,50),(51,51),(52,52),(53,53),(54,54),(55,55),(56,56),(57,57),(58,58),(59,59),(60,60),(61,61),(62,62),(63,63),(64,64),(65,65),(66,66),(67,67),(68,68),(69,69),(70,70),(71,71),(72,72),(73,73),(74,74),(75,75),(76,76),(77,77),(78,78),(79,79),(80,80),(81,81),(82,82),(83,83),(84,84),(85,85),(86,86),(87,87),(88,88),(89,89),(90,90),(91,91),(92,92),(93,93),(94,94),(95,95),(96,96),(97,97),(98,98),(99,99),(100,100);
/*!40000 ALTER TABLE `like_for_u` ENABLE KEYS */;
UNLOCK TABLES;

--
-- Table structure for table `messages`
--

DROP TABLE IF EXISTS `messages`;
/*!40101 SET @saved_cs_client     = @@character_set_client */;
/*!50503 SET character_set_client = utf8mb4 */;
CREATE TABLE `messages` (
  `id` bigint unsigned NOT NULL AUTO_INCREMENT,
  `from_user_id` bigint unsigned NOT NULL,
  `to_user_id` bigint unsigned NOT NULL,
  `body` text,
  `is_read` tinyint(1) DEFAULT NULL,
  `created_at` datetime DEFAULT CURRENT_TIMESTAMP,
  PRIMARY KEY (`id`),
  UNIQUE KEY `id` (`id`),
  KEY `from_user_id` (`from_user_id`),
  KEY `to_user_id` (`to_user_id`),
  CONSTRAINT `messages_ibfk_1` FOREIGN KEY (`from_user_id`) REFERENCES `users` (`id`),
  CONSTRAINT `messages_ibfk_2` FOREIGN KEY (`to_user_id`) REFERENCES `users` (`id`)
) ENGINE=InnoDB AUTO_INCREMENT=101 DEFAULT CHARSET=utf8mb4 COLLATE=utf8mb4_0900_ai_ci;
/*!40101 SET character_set_client = @saved_cs_client */;

--
-- Dumping data for table `messages`
--

LOCK TABLES `messages` WRITE;
/*!40000 ALTER TABLE `messages` DISABLE KEYS */;
INSERT INTO `messages` VALUES (1,1,1,'Deserunt rerum sequi optio itaque vel. Qui nemo commodi non earum corporis nesciunt fugiat. Aspernatur sint delectus voluptatem rerum aut iure. Itaque nihil et rerum optio et dolor.',0,'1973-07-02 16:35:34'),(2,2,2,'Tempora placeat omnis blanditiis natus. Consequatur iusto sunt officiis sit dolores unde. Qui sed necessitatibus adipisci voluptatem voluptas.',1,'1984-04-16 00:58:14'),(3,3,3,'Voluptatibus tempora et mollitia expedita rerum nihil. Cupiditate modi temporibus enim et.',0,'1993-03-04 00:17:47'),(4,4,4,'At est omnis sequi vel aut odio. Nisi eum voluptas aut quia. Blanditiis molestias quis consequatur aliquid doloribus incidunt eos.',1,'1998-09-10 00:53:31'),(5,5,5,'Est rerum nobis et a recusandae laboriosam. Rerum aut illo excepturi consequuntur dolorum. Aliquam repellat explicabo aut aliquam ducimus consequatur.',1,'2012-10-29 00:03:38'),(6,6,6,'Incidunt praesentium quaerat dolor autem. Saepe occaecati ab sint voluptatem est fugit. Doloremque animi voluptatum maxime sapiente. Repellendus fuga vel id et numquam.',0,'2005-01-15 03:10:06'),(7,7,7,'Optio quibusdam autem nam. Dolores nihil iste ipsam nihil. Consequatur sit in excepturi voluptatem amet eaque ea vel. Architecto vitae incidunt omnis ex architecto quidem ut.',1,'2017-10-06 11:10:55'),(8,8,8,'Qui labore velit sit a consequatur aut nam ullam. Deserunt ex inventore earum nisi. Sequi minus rem ab exercitationem modi vel aliquid.',1,'1995-10-28 07:06:07'),(9,9,9,'Possimus illo omnis labore libero illo expedita voluptatem. Reprehenderit velit sunt ducimus aut eveniet nobis nihil. Suscipit culpa laborum dicta qui magni quis. Et autem illum eveniet accusantium sapiente.',1,'2014-10-02 16:50:17'),(10,10,10,'Modi nisi quas fugiat odit qui rerum quas. Corporis tenetur est sit doloribus et soluta. Similique aut quia possimus animi odit corporis tenetur. Et similique quae voluptatum autem.',1,'1970-10-01 18:59:57'),(11,11,11,'Voluptas sed alias facere vel corrupti similique accusantium possimus. Quia dicta incidunt voluptatem. Recusandae mollitia dolorem est placeat temporibus vero dolorum.',1,'1992-03-15 20:14:55'),(12,12,12,'Nam eius dolore et dolores et qui accusamus. Nihil quia ut impedit asperiores. Modi et quos repudiandae necessitatibus nemo aut iusto.',1,'1984-10-27 10:17:15'),(13,13,13,'Tenetur repellat labore ut expedita. Commodi harum voluptates beatae. Molestiae ut dignissimos sunt odio nulla fugit cupiditate.',0,'1992-07-27 22:31:12'),(14,14,14,'Voluptas aliquid pariatur inventore voluptas. Saepe ut iusto in aliquid autem autem. Itaque ducimus nisi quidem quia.',0,'2001-09-17 15:37:58'),(15,15,15,'Cumque autem asperiores dolorem nemo exercitationem ea corrupti. Veniam dolor officia et nulla consequatur voluptas sed. Non quo tempora cupiditate.',0,'1980-08-02 12:06:10'),(16,16,16,'Aut eligendi ea qui iure deserunt magnam tenetur. Ut unde illo ut vitae aliquid. Officia expedita et deleniti quis at.',0,'1982-10-16 13:25:36'),(17,17,17,'Id in placeat aut debitis fugit numquam. A illum est officiis officiis ipsam. Quis voluptatum reprehenderit rerum beatae ea est. Sequi rerum soluta pariatur accusantium id.',0,'1972-05-16 00:55:38'),(18,18,18,'Aut rem repellendus autem animi delectus quas. Asperiores voluptas ut expedita accusantium quaerat. Voluptas rerum animi numquam quia nobis repudiandae. Tempore maiores tenetur totam voluptates est aspernatur. Perspiciatis officia quia ducimus qui voluptatibus et cupiditate doloribus.',0,'2000-11-20 17:16:55'),(19,19,19,'Similique debitis et fugit architecto ad. Facere saepe aut autem quo enim ipsa. Magni recusandae distinctio officia nisi officia ducimus.',1,'2007-11-07 17:28:12'),(20,20,20,'Quis ipsum atque ut quis maxime voluptate. Esse nobis maxime a itaque vero. Iusto provident laboriosam saepe porro.',1,'1979-07-31 13:39:46'),(21,21,21,'Deleniti et aut voluptas ipsam atque consequatur. In dignissimos vitae facilis in atque est dicta. Ut neque impedit est error reiciendis. Vitae esse fugit rerum nostrum qui nesciunt.',1,'1987-08-02 18:31:06'),(22,22,22,'Ad sunt quo aut corporis commodi nostrum corporis. Et dolorem nihil nobis eos quo. Neque amet ratione porro officiis aspernatur voluptatibus nulla.',1,'1982-09-19 00:10:50'),(23,23,23,'Sit ex laudantium laudantium odio. Nam voluptatem nostrum voluptas temporibus vitae nihil. Et sint fugiat nesciunt voluptas praesentium corporis eum. Sint fugit est ea et.',0,'1974-07-09 09:30:45'),(24,24,24,'Eos numquam eligendi atque dolorem expedita error doloremque. Nam beatae ea voluptatem rerum quidem assumenda nihil. Ut qui ut quibusdam repellendus aut enim qui. Iusto suscipit necessitatibus voluptas numquam.',1,'1972-01-13 19:01:37'),(25,25,25,'Deserunt nihil in ratione nobis est voluptates. Provident voluptatem molestias aut quisquam.',1,'2019-10-17 17:01:26'),(26,26,26,'Saepe voluptas sed doloremque ut rerum aut vitae. Sunt autem atque veritatis dolore. Facere esse officia libero harum eum molestiae.',0,'2005-12-18 20:29:31'),(27,27,27,'Eum ut quia beatae nisi doloremque sunt sapiente. Sit cumque occaecati qui dolores ut qui. Sapiente qui voluptate deleniti suscipit ratione. Quas non iusto eveniet velit.',1,'2010-04-23 13:49:42'),(28,28,28,'Expedita et rerum corporis magni rerum facere hic nesciunt. Hic libero eaque accusamus quasi. Voluptatem asperiores assumenda voluptatem illo quis sit fuga.',1,'1999-08-17 17:40:51'),(29,29,29,'Exercitationem et non occaecati eos commodi id aliquam. Qui reiciendis repellat ullam iusto ea omnis. Qui consequatur ea tempora et non doloremque sit. Laudantium corporis consequatur dolorem et eum illum reiciendis.',0,'2011-09-22 14:31:28'),(30,30,30,'Reiciendis qui voluptate amet molestiae. Aut vitae et id eligendi optio a quo. Et mollitia occaecati atque ullam enim consequatur.',0,'1984-02-25 15:14:11'),(31,31,31,'Minima est suscipit quis quos aut impedit at voluptatem. Repellendus aut libero veritatis omnis doloribus totam.',1,'2011-06-27 08:05:29'),(32,32,32,'Quos inventore exercitationem deleniti modi illum. Et voluptatem consequuntur nihil nihil fugiat.',1,'1985-07-11 11:23:20'),(33,33,33,'Laboriosam velit veritatis ducimus sed in quasi voluptas rem. Quibusdam est maiores excepturi consequatur molestiae ea. Optio commodi earum distinctio rerum quod quia.',0,'1975-03-21 07:38:35'),(34,34,34,'Quia autem ad itaque ullam iusto ut. Est est et possimus et soluta asperiores tempora. Corrupti autem in esse sed tempora id aperiam. Debitis quia harum nostrum optio maiores earum.',0,'1977-09-20 16:28:16'),(35,35,35,'Aut ut laborum laborum sapiente saepe necessitatibus tempore. Laboriosam quo neque itaque molestiae labore soluta temporibus. Ut distinctio eaque sunt aliquam esse dolorem architecto. Eaque optio at quibusdam quo veniam officia sed. Laboriosam rerum itaque explicabo omnis ipsum autem molestiae exercitationem.',1,'1976-10-31 21:50:23'),(36,36,36,'Architecto repellat accusantium aut asperiores dolorem ut quas quaerat. Necessitatibus placeat et non sint. Aut excepturi voluptas et iusto neque delectus vel. Distinctio quia sit accusamus odit et et.',1,'2012-03-11 21:40:13'),(37,37,37,'At fugit vitae impedit autem et minima quis. Maiores vel quidem dolor laboriosam dolorem eaque amet. Tempora ad et aperiam nostrum numquam consequatur.',1,'2006-01-25 07:43:35'),(38,38,38,'Dolorem assumenda delectus ipsam modi est. Esse perspiciatis sapiente aut voluptatem iure assumenda cupiditate. Assumenda velit vel aut sit. Ex voluptatum sed dolor molestiae.',0,'1982-10-02 15:39:52'),(39,39,39,'Magnam et aut atque consequatur voluptatibus. Sed distinctio aut hic doloremque. Dolor fuga ut libero nam molestiae cum ut. Et ut est ducimus laboriosam harum.',1,'2002-06-16 22:07:36'),(40,40,40,'Eveniet dolores eaque voluptates amet est vel. Eos dolore soluta quia perspiciatis enim eum molestiae. Sed sit dicta et saepe magni. Dolorum aut consequatur placeat quos.',0,'1979-04-05 02:57:12'),(41,41,41,'Omnis eaque mollitia explicabo. Cum beatae quisquam id facilis ut praesentium. Voluptatibus quo corporis nobis vel maiores sed.',1,'1980-10-25 07:33:59'),(42,42,42,'Est modi ut voluptas commodi. Dolor velit est veritatis sint placeat. Sequi aperiam quasi ut eos. Dicta et aut aliquam sapiente provident quisquam ex.',1,'1981-12-27 20:56:44'),(43,43,43,'Nesciunt modi numquam dolor quo cumque odit. Voluptatem saepe voluptas rem mollitia id ipsa earum. Adipisci nulla blanditiis id architecto.',0,'2003-10-29 21:15:13'),(44,44,44,'Iste id quisquam quae. Et vel debitis sit tenetur et assumenda. Modi qui quas occaecati perferendis est nobis voluptatum.',1,'2006-02-11 12:08:38'),(45,45,45,'Consequatur consequatur aut rem in repudiandae repellat perferendis. Eius iste facere iure. Ab qui quos exercitationem perferendis vel qui. Placeat blanditiis et dolore vel corporis.',0,'1970-01-27 10:47:20'),(46,46,46,'Saepe molestiae qui et officiis. Voluptas voluptatem aut vero. Id non temporibus impedit ipsam. Unde est libero consequatur aliquid.',0,'1997-08-15 16:50:45'),(47,47,47,'Est quisquam magni eum ut. Nemo non rerum magnam. Fugiat neque eum ut excepturi vero doloremque. Commodi debitis neque ex cupiditate nemo.',0,'1987-06-27 16:03:01'),(48,48,48,'Cupiditate et et et dolorum fugit vero. Quis soluta eaque nostrum reiciendis ipsam eum et. Exercitationem sint nam commodi deleniti occaecati laboriosam praesentium. Aut non vel enim est atque et necessitatibus.',0,'2019-10-15 15:30:43'),(49,49,49,'Et consequuntur natus velit tempora est. Nostrum corporis sed voluptatem quaerat a vel amet consequatur. Omnis vel rerum occaecati. Ut consequuntur architecto iste vel voluptatem.',1,'1979-02-17 18:12:30'),(50,50,50,'Dicta et voluptas ut dicta odio qui. Est corporis ut officiis voluptas et perspiciatis. Voluptas similique nihil sunt labore molestiae quaerat natus.',0,'2004-08-31 15:10:21'),(51,51,51,'Libero hic soluta sed repellat nesciunt ut iusto. Ut ad et et et quis.',1,'1993-07-04 12:50:51'),(52,52,52,'Harum qui placeat dolor. Pariatur autem nobis nihil quia est. Dolor perspiciatis ea dicta deserunt voluptatem ea.',1,'2019-07-17 22:17:21'),(53,53,53,'Et a harum voluptas distinctio rerum aut rerum at. Accusamus asperiores autem consequatur labore velit. Totam at vero consequuntur autem dolore veritatis.',1,'2009-01-09 01:16:53'),(54,54,54,'Tempore adipisci ipsum delectus et officiis et ab. Fugit rerum dolor sed. Magni ut consequatur autem ut et doloremque facilis omnis. Nesciunt assumenda sunt libero perferendis nam.',0,'2011-12-05 10:27:53'),(55,55,55,'Corrupti assumenda occaecati ut tempora. Neque saepe tempore aut deserunt distinctio sit et ut. Eligendi iure quasi numquam autem.',0,'1974-02-05 08:58:50'),(56,56,56,'Voluptatem et ratione et non. Aliquid rerum aut beatae illo aspernatur. Quia voluptates ut consequatur quam.',1,'1991-10-07 04:52:27'),(57,57,57,'Saepe qui iusto possimus quo. Aut maiores debitis rem nobis similique modi. Nihil facere sit quis itaque. Et dolorem iure dolore nulla et sed alias.',1,'2008-05-12 12:56:51'),(58,58,58,'Provident explicabo doloribus vero. Pariatur ut nihil et et praesentium. Qui officiis cumque aliquid mollitia voluptatem. Aspernatur aut ipsa eum suscipit possimus.',0,'2002-06-27 19:59:56'),(59,59,59,'Consequatur quia omnis temporibus consequatur ut dolores deleniti. In debitis qui facere et molestiae est. Excepturi animi ab et et officiis quos aut.',0,'2001-08-28 16:34:00'),(60,60,60,'Ea quam aut quisquam. Dolores soluta omnis aut nobis architecto eum ipsam. Consequatur facilis mollitia rerum cumque reiciendis ea.',1,'2015-04-02 01:47:30'),(61,61,61,'Qui vitae facere et aut voluptatem. Nihil enim occaecati provident veniam voluptatum doloribus praesentium. Tempore repellat asperiores rerum.',0,'2015-01-30 09:26:27'),(62,62,62,'Id eaque sit quis sed autem. Facilis ea et natus odit ad et. Qui ut totam at consequatur necessitatibus exercitationem. Eligendi provident et quia unde repellat quia.',1,'1987-02-27 17:29:14'),(63,63,63,'Asperiores soluta quia et id minima quia. Quibusdam laudantium similique sequi quae. Mollitia quo consequatur aut est. Non reprehenderit fugiat nobis alias voluptatem aut.',0,'1979-08-09 19:32:35'),(64,64,64,'Eos sed et itaque. Et totam quo mollitia ut ea nisi. Ab deleniti sed aliquam maxime blanditiis quia.',0,'2011-10-30 13:25:13'),(65,65,65,'Dicta maiores architecto qui consequatur velit aperiam. Ut sunt voluptatem ut eligendi ipsum voluptatum fuga. Itaque consequatur quia a quis voluptates.',1,'2010-01-23 22:25:31'),(66,66,66,'Quia aut et quidem rem ut. Magni eligendi assumenda illum laudantium. Voluptas deserunt dolores illo velit est veniam temporibus. Autem rerum illo sed quia minima distinctio.',0,'2009-06-13 04:15:27'),(67,67,67,'Asperiores iure ratione praesentium. Consequatur dolores vero quae qui. Dolor distinctio sunt odio qui eveniet tempora ea. Et dicta animi earum magni.',1,'2013-10-26 07:21:35'),(68,68,68,'Architecto velit aut ab quia. Asperiores ipsam dolores cupiditate sequi. Et qui minus ea in. Architecto id dolores et et corporis libero ratione.',1,'1985-03-27 03:16:33'),(69,69,69,'Tempora delectus vel autem eius animi numquam iusto. Facilis dicta possimus expedita consectetur omnis et odit. Laboriosam et corrupti dolores aperiam inventore quis. Et dolores et cum perspiciatis vero.',1,'1998-11-06 20:00:40'),(70,70,70,'Et quia qui animi ut. Doloribus et quaerat nobis incidunt quis. Rerum aut aspernatur sed in beatae cupiditate dolores. Provident odit sint dolorem reiciendis officia.',0,'1984-09-23 14:46:08'),(71,71,71,'Assumenda dolorem explicabo et culpa ipsa nostrum cum. Reprehenderit necessitatibus sit voluptatibus nihil quae. Excepturi qui delectus quis.',1,'1992-03-08 17:13:50'),(72,72,72,'Eum quae amet pariatur atque saepe architecto alias asperiores. Ea enim voluptas et rem est nihil aut. Maiores et et ratione sequi. Sed cum expedita sed.',1,'1997-04-07 16:02:36'),(73,73,73,'Minima expedita deleniti id id. Qui a quis culpa et et. Minima et doloremque in quaerat non. Aspernatur tenetur ipsam earum pariatur iure unde dolor.',1,'2013-01-16 20:45:28'),(74,74,74,'Rem pariatur consequuntur voluptatibus voluptate. Eligendi voluptatem et architecto voluptatum qui molestiae. Expedita libero eius quasi est deleniti deserunt voluptas.',0,'2015-03-12 13:43:27'),(75,75,75,'Praesentium et consequatur libero molestiae. Sapiente non sunt incidunt vitae. Omnis suscipit accusamus molestiae et. A sit quia vel eligendi praesentium.',0,'1987-10-12 07:53:41'),(76,76,76,'Voluptatum error ullam architecto. Est magni consequuntur voluptatum aliquam rem et vero. Et porro qui asperiores quia non recusandae. Sunt qui sint ut consequuntur eaque qui a.',0,'1978-02-17 05:44:01'),(77,77,77,'Beatae magnam ullam quia eligendi et harum. Ut doloremque ut ratione nostrum blanditiis quidem.',1,'1974-04-23 17:07:08'),(78,78,78,'Doloribus reiciendis dolorem rerum harum amet. Quia sed non natus.',0,'2008-06-06 08:39:13'),(79,79,79,'Quas est facilis veritatis ut qui ut ad natus. Quae enim soluta sunt. Aspernatur repellat est inventore eaque exercitationem.',0,'1998-07-12 18:03:29'),(80,80,80,'Dolor optio debitis odit excepturi distinctio ut praesentium. Corrupti consectetur rerum similique. Cumque mollitia placeat in qui facere. Quidem ea qui nam facilis excepturi sint.',1,'1980-02-19 04:50:15'),(81,81,81,'Et culpa consequatur ex sed magnam. Et alias odit ut voluptatem voluptas. Dolor exercitationem veniam iusto sed hic error fugit. Iure omnis cumque et quos.',1,'1982-03-17 10:19:18'),(82,82,82,'Aut ullam animi ut animi unde dolore et. Aut dolor non libero ut enim necessitatibus qui. Incidunt illum exercitationem odio autem. Est quidem est et vel reiciendis iusto deserunt.',0,'2017-03-26 21:00:58'),(83,83,83,'Incidunt minima maiores facere qui dolor. Ratione ea nisi nihil velit ducimus quae vel. Voluptate et et aspernatur in. Et dolorem fugit enim ut error eaque.',0,'1972-01-29 12:34:20'),(84,84,84,'Aspernatur placeat similique aut ipsa sed sequi laudantium. Tempore ut sapiente aperiam consectetur voluptatem. Voluptatibus voluptatum expedita tenetur alias dolor doloremque.',1,'2016-12-12 23:10:09'),(85,85,85,'Voluptatem eveniet sint qui natus non sapiente laborum. Beatae et voluptatum et dolores. Vel totam excepturi veritatis sit.',0,'1988-08-03 21:59:29'),(86,86,86,'Autem soluta sit mollitia cumque est qui harum. Provident tempore pariatur hic eius quis autem. Omnis id eveniet eos et.',0,'1975-03-18 13:08:43'),(87,87,87,'Minima autem eaque enim. Quam adipisci aut soluta eveniet unde similique atque. Unde autem totam nulla expedita illum quos veritatis cumque. Magnam neque modi nostrum sunt velit.',0,'1982-07-11 15:03:53'),(88,88,88,'Molestias quis illum libero pariatur ipsa doloribus dolor. Enim unde ipsa quam voluptatibus occaecati itaque. Quia non tenetur aliquid pariatur aut pariatur illo.',0,'1974-11-16 15:51:41'),(89,89,89,'Unde ea hic repellat velit adipisci. Consequuntur blanditiis nihil error culpa. Laborum iste sit suscipit excepturi placeat harum.',1,'1985-10-26 13:50:14'),(90,90,90,'Perferendis et est mollitia ut velit. Voluptas temporibus exercitationem id maxime voluptatum id aliquam. In cum reiciendis autem quia in est veniam quaerat. Est neque vel ut ducimus sapiente qui.',1,'1991-09-08 13:27:16'),(91,91,91,'Alias reprehenderit id velit magni tempore. Explicabo quas totam nostrum perferendis deserunt. Cumque nulla ea enim earum. Vel est sequi voluptates.',0,'1998-10-06 11:22:02'),(92,92,92,'Omnis est earum repellendus magni ut corporis earum et. Impedit eos asperiores et laborum cumque iste. Modi quidem dolore et porro deleniti. Vel voluptas nostrum quas occaecati expedita nihil cum modi.',0,'2013-01-07 23:54:37'),(93,93,93,'Harum sit consectetur tempore suscipit provident modi. Vitae non at non aut eum dolorem amet ut. Sit sed ipsum eaque eum.',1,'2017-04-15 07:22:27'),(94,94,94,'Et quis et corrupti voluptates voluptatem provident. Voluptatibus pariatur autem qui qui qui ut. Doloribus ex dicta eius. Consequatur enim sapiente delectus qui sapiente. Quia perspiciatis quibusdam delectus qui quibusdam.',1,'1984-02-03 14:37:41'),(95,95,95,'Nesciunt eligendi ut eos repudiandae. Voluptatem ullam et ut alias sed sed quae. Quia fuga alias voluptate consequatur tempora doloribus aut. Rerum ipsam explicabo et quia eveniet eveniet et.',1,'2005-08-27 20:49:30'),(96,96,96,'Amet ullam rerum maxime quis non quae nesciunt omnis. Quam reprehenderit dolorum sit expedita qui quos nisi. Qui tempora cum voluptatibus reiciendis id dignissimos.',0,'1976-06-26 14:27:07'),(97,97,97,'Sit sit cupiditate voluptatem neque nemo aut placeat. Id delectus quidem reiciendis perferendis.',0,'1981-04-20 07:06:43'),(98,98,98,'Qui quam temporibus aperiam reprehenderit explicabo. Ab dolore ducimus iusto magni sint doloribus. Assumenda non quam rem vel voluptatibus eum porro aliquid. Quasi tempore mollitia temporibus quae.',1,'2010-04-17 01:37:29'),(99,99,99,'Molestias iste architecto quia incidunt odio. Rerum officia optio eligendi dicta. Eaque dicta eius dolorem fugiat possimus aspernatur. Et in eum modi distinctio omnis.',1,'1989-11-16 11:34:00'),(100,100,100,'Modi architecto rerum at recusandae quos eum. Animi id rerum repellendus architecto dolorem omnis harum. Aut numquam et sed deserunt voluptas repellendus.',1,'1984-03-27 17:54:32');
/*!40000 ALTER TABLE `messages` ENABLE KEYS */;
UNLOCK TABLES;

--
-- Table structure for table `photo`
--

DROP TABLE IF EXISTS `photo`;
/*!40101 SET @saved_cs_client     = @@character_set_client */;
/*!50503 SET character_set_client = utf8mb4 */;
CREATE TABLE `photo` (
  `id` bigint unsigned NOT NULL AUTO_INCREMENT,
  `file` varchar(255) DEFAULT NULL,
  `user_id` bigint unsigned NOT NULL,
  `description` text,
  `created_at` datetime DEFAULT CURRENT_TIMESTAMP,
  `updated_at` datetime DEFAULT CURRENT_TIMESTAMP ON UPDATE CURRENT_TIMESTAMP,
  PRIMARY KEY (`id`),
  UNIQUE KEY `id` (`id`),
  KEY `user_id` (`user_id`),
  CONSTRAINT `photo_ibfk_1` FOREIGN KEY (`user_id`) REFERENCES `users` (`id`)
) ENGINE=InnoDB AUTO_INCREMENT=101 DEFAULT CHARSET=utf8mb4 COLLATE=utf8mb4_0900_ai_ci;
/*!40101 SET character_set_client = @saved_cs_client */;

--
-- Dumping data for table `photo`
--

LOCK TABLES `photo` WRITE;
/*!40000 ALTER TABLE `photo` DISABLE KEYS */;
INSERT INTO `photo` VALUES (1,'lnhz',1,'Odit illum distinctio rem cupiditate rerum minus nihil. Placeat in eum et quia deleniti. Eum suscipit consectetur quod nobis vitae.','1990-01-10 12:50:18','2019-02-03 02:40:38'),(2,'djwo',2,'Accusamus sit blanditiis enim quia magni accusamus. Pariatur temporibus voluptatem accusamus mollitia. Unde qui totam quae ipsa.','2019-06-25 17:25:15','2009-10-31 07:36:53'),(3,'eoyj',3,'Aperiam velit nemo nemo neque. Quasi aut maiores voluptas quis qui et. Dolor temporibus eius nisi quo. Corporis non sed unde.','2002-10-10 05:47:41','2001-06-04 11:42:05'),(4,'soud',4,'Quaerat repudiandae debitis nisi eos. Qui magni voluptas est blanditiis. Enim nulla officiis et impedit sint deleniti velit. Neque ad ducimus veritatis quaerat.','2009-02-19 23:24:02','1971-05-19 11:16:33'),(5,'hdwv',5,'Facere dolores minus et provident sunt saepe dolor sit. Beatae voluptas assumenda enim minima iusto. Cum corporis voluptas eaque architecto.','2015-05-26 20:42:53','1989-08-23 03:26:11'),(6,'vwgv',6,'Id itaque eveniet culpa maiores et quibusdam doloribus. Aut sed sint voluptate cum harum omnis. Est molestiae cupiditate dolor voluptatem esse.','2013-06-30 11:28:42','2010-11-11 22:25:25'),(7,'eceh',7,'Quo nulla impedit natus. Dolorum omnis sit neque eveniet esse. Explicabo suscipit ad ut inventore. Distinctio vitae doloribus vel voluptatem.','1988-05-25 19:24:15','2010-02-18 21:11:07'),(8,'maue',8,'Ratione aperiam beatae sunt ab rem consectetur. Fuga modi at sed a fugiat. Autem et officia asperiores mollitia pariatur doloremque corporis. Consectetur et doloribus similique deserunt quo possimus repellat.','2001-08-14 14:18:35','2009-12-01 22:42:50'),(9,'jdxf',9,'Libero atque consequuntur sequi aut. Sunt est eos et placeat quam voluptatem molestiae accusantium. Nam omnis officiis nobis aut ut eum.','2013-10-19 22:19:42','2004-01-25 22:00:32'),(10,'bihh',10,'Autem quo non illum. Provident placeat harum blanditiis facere. Deleniti laboriosam fuga dolores consequatur. Eum sequi molestiae molestiae et repudiandae.','2018-12-22 10:05:05','2004-01-03 10:00:38'),(11,'svmd',11,'Vero possimus totam dolorem sed. Illo aut tenetur aut deleniti minima dolore. Nesciunt qui quia voluptatem est perspiciatis rerum sint. Dolorum in facilis recusandae recusandae eius sint debitis.','1994-08-21 04:42:49','1977-08-24 21:10:02'),(12,'enjw',12,'Voluptas est praesentium autem voluptate perspiciatis numquam sunt. Excepturi sunt qui occaecati et. Culpa maxime quis qui cupiditate. Eos ex labore sint et. Vel et eius distinctio amet ea ea asperiores.','2005-05-28 17:13:42','1987-07-10 16:51:40'),(13,'gxyu',13,'Aut aut suscipit qui dolorum non. Dolores quod et fugiat voluptas. Totam impedit voluptates hic commodi laboriosam odit. Cupiditate sed nihil ut earum temporibus.','1994-09-03 00:27:19','2006-06-04 20:55:05'),(14,'dszr',14,'Saepe non eveniet molestiae aliquid numquam. Consequuntur sed non natus iure enim. Ut officiis reiciendis dignissimos dolores aspernatur porro in. Ut delectus nulla suscipit expedita autem velit. Officia amet autem ut dolores qui consequatur eum.','1984-08-10 22:55:19','2000-06-28 15:35:25'),(15,'tebd',15,'Aliquam dolores aut suscipit veritatis unde hic ut sequi. Et ut dolore dolorem quia adipisci ipsum mollitia. Unde maxime neque vel veniam.','2004-06-17 06:30:09','1985-12-30 19:42:34'),(16,'ktjh',16,'Voluptas exercitationem amet modi quia recusandae. Molestiae illo omnis et cupiditate architecto. Quia asperiores vitae excepturi. Nostrum corporis facere consequatur maxime cupiditate delectus quaerat.','2016-11-20 08:58:19','2010-04-10 01:47:40'),(17,'eraa',17,'Aut et quas itaque et iure cumque sed. Cum voluptate et id vero exercitationem quia quibusdam inventore. Reiciendis rerum molestiae eum odio occaecati officia.','1982-05-01 09:13:12','2006-08-25 00:16:55'),(18,'krei',18,'Et totam exercitationem reprehenderit consectetur consequatur. Quidem laudantium nihil libero vel commodi quia deserunt voluptatem. At voluptatem maxime est tenetur et error et.','1975-03-07 06:48:42','2016-02-11 13:09:37'),(19,'hulr',19,'Accusantium quasi ducimus in blanditiis qui nostrum. Totam qui nostrum et in. Sed quia nulla fuga eveniet rerum.','2007-03-30 15:46:56','1978-10-02 17:29:18'),(20,'ible',20,'Culpa quidem saepe ex eum architecto voluptatibus. Deleniti adipisci possimus porro.','1971-03-02 18:25:31','2002-05-06 22:26:39'),(21,'fgjx',21,'Reprehenderit laudantium non porro illum. Occaecati eos impedit beatae sapiente. Suscipit officiis quisquam tempore et mollitia et ut. Voluptatum tenetur neque dolorum dolor adipisci alias ratione optio.','1994-09-21 17:27:18','2008-05-15 08:41:42'),(22,'yeij',22,'Sed eaque cupiditate tempora sunt et est. Aut non ad a sit dolores veritatis sequi. Voluptas eveniet maxime quaerat cum non cum dicta. Molestiae voluptas quam in quia qui quas.','1970-12-15 23:40:24','2018-07-09 20:00:55'),(23,'setb',23,'Aut aut cupiditate exercitationem voluptatum. Architecto vel voluptas maxime reprehenderit sint omnis.','1985-10-28 08:22:48','2015-02-10 09:39:24'),(24,'ohhr',24,'Cupiditate velit a eum placeat et quia. Quod quaerat consequatur modi. Autem ut quo blanditiis nam dolorem ea.','1990-03-09 13:28:27','2006-04-09 12:35:58'),(25,'dtos',25,'Est fugit ipsam necessitatibus. Et nesciunt eveniet quos. Et soluta sint qui rerum.','2001-09-01 04:32:59','2006-09-16 13:45:22'),(26,'wfwk',26,'Quam ut sit est provident. Rerum occaecati nihil eum et. Et veritatis aut possimus est. Quia repudiandae est dignissimos voluptatem sit.','1979-10-01 22:45:28','1977-08-17 05:41:29'),(27,'merb',27,'Qui consequuntur dolores quo assumenda est. Velit blanditiis laboriosam similique sed. Voluptas quia ipsum ab porro expedita excepturi.','1982-04-17 10:44:25','2001-09-27 23:15:26'),(28,'kqax',28,'Voluptate quo doloremque repellendus hic aut qui repellat possimus. Qui sed ut enim consequatur ut deleniti omnis. Suscipit molestias enim minima est voluptate eum. Autem ut consequatur et.','2015-08-28 04:09:19','2014-03-13 19:39:42'),(29,'ctnm',29,'Tempore quis harum iusto quas nobis quo. Et explicabo at nobis et ab fugiat dolore. At rerum ut modi neque. Quis eum non officiis itaque consequuntur quia non optio.','2004-07-07 21:19:56','2015-03-03 08:45:44'),(30,'mewm',30,'Eligendi dolores illum earum nesciunt ex consequatur sint. Omnis minima enim nihil fuga culpa. Impedit voluptates est sint sit nisi dolores sunt. Dolor sequi dolor occaecati voluptas hic delectus commodi error.','2007-10-21 06:00:05','2010-10-04 15:42:19'),(31,'llia',31,'Necessitatibus maiores tenetur autem. Beatae a nisi ut nulla voluptatem dolores. Expedita non sed qui quia iusto nobis quidem.','2008-11-07 01:18:46','1985-09-29 16:00:11'),(32,'zpee',32,'Aut eum commodi qui et non quibusdam a. Et dolor et possimus et quo repellat architecto. Impedit natus dolor perspiciatis. Nam dolore molestiae debitis quia neque eos.','1995-01-13 05:06:52','1996-08-22 02:42:13'),(33,'otgc',33,'Sunt officia est libero sit voluptatum. Qui ipsa vero voluptas et eum nulla. Totam cumque quam unde reprehenderit provident quibusdam.','1978-01-12 07:23:27','1999-08-09 05:13:27'),(34,'bszj',34,'Est amet ut et et. Aut ex non quia dolorem molestias rerum voluptatem. Aliquid incidunt qui inventore molestias itaque.','1997-04-11 16:30:04','2014-05-06 18:41:04'),(35,'mnrr',35,'Ipsa non illo ab id at delectus. Enim itaque qui quam qui. Laudantium rerum sequi et laudantium numquam.','1987-07-17 11:51:56','2003-05-17 06:15:07'),(36,'hjsv',36,'Fuga nulla pariatur ab autem vel eaque ex ut. Ut voluptates optio sed nobis exercitationem quas. Rem facere magni delectus dolorum omnis ullam. Neque dolor dolorum quia. Delectus voluptatem ea dicta quisquam optio provident quas sunt.','1976-02-27 05:14:24','2008-02-11 03:15:53'),(37,'fqdc',37,'Eveniet amet velit rem sit eum magni corrupti. Sunt velit illo perferendis nobis iste debitis nesciunt sunt.','2007-03-20 00:25:50','2014-07-21 00:54:15'),(38,'fdff',38,'Possimus quia dolorum hic excepturi possimus. Voluptatem excepturi ut qui doloribus sit. Est aliquam fugit consequatur ut odio. Qui exercitationem voluptates laboriosam quo.','2004-08-29 23:13:24','1970-04-17 05:42:58'),(39,'ysrs',39,'Eius quaerat minima fuga fugit sed. Perspiciatis laboriosam eligendi a placeat sunt magni quia. Voluptatem iste eligendi rerum ipsam.','2006-02-27 08:57:52','2018-09-27 14:43:46'),(40,'ucnj',40,'Culpa dignissimos impedit sapiente quasi ea necessitatibus aliquam. Sequi excepturi laudantium odio neque neque modi dolor. Rerum nisi est et et aut neque placeat.','2006-01-25 13:22:33','1995-02-22 01:39:26'),(41,'vaha',41,'Sequi error itaque eos sint dignissimos. Adipisci quod eum nulla sunt modi rem dolorum. Atque quo itaque incidunt. Quo sequi nam beatae quibusdam et omnis cumque minus. Itaque a facilis atque magni velit et.','1981-12-24 16:47:23','1970-02-06 04:41:18'),(42,'juqd',42,'Omnis voluptas molestiae aut fugiat. Odit quia accusantium nulla. Ea tenetur aut aliquid itaque fugit eligendi.','1986-07-04 19:58:17','1978-09-27 02:42:31'),(43,'aurr',43,'In ipsum earum ut rem voluptas unde. Ipsum perferendis voluptas minus aspernatur quia. Aut ipsum hic similique eum.','2012-02-07 14:06:53','1989-03-24 10:20:35'),(44,'voku',44,'Sint ea delectus sit molestias possimus illo. Dicta aut et voluptatem id ab maxime. Voluptas est voluptas unde facere. Et repudiandae qui voluptates ipsa tempora quibusdam consequatur.','1975-04-23 12:10:06','2003-09-24 23:21:16'),(45,'gyhq',45,'Debitis ipsa reiciendis vel ut et. Dolores non dicta non atque rerum magni. Illum cupiditate provident iure necessitatibus.','1991-12-17 18:02:58','2018-05-15 00:25:41'),(46,'spow',46,'Sint non tenetur iure molestiae rerum voluptatibus. Id magni consequatur ut quidem enim ipsam quos fugiat. Vero voluptas sit et sapiente quia autem aut.','1972-09-08 07:38:41','1976-05-28 23:48:41'),(47,'qhsb',47,'Quidem numquam aperiam aliquam maxime vitae consequatur velit. Quis atque laboriosam quos non. Architecto qui vero accusantium. Et ipsum facilis veniam ea animi voluptas. Reiciendis natus fugiat omnis.','2003-11-26 06:48:32','2006-01-31 13:15:20'),(48,'xodm',48,'Voluptas aut voluptatum commodi porro aspernatur. Et nobis aperiam aliquid ipsum. Fugit veritatis rerum iure eveniet molestiae ut.','2004-07-27 03:41:54','1985-03-04 00:09:04'),(49,'zrgr',49,'Vel magni quo consectetur ut eum. Incidunt nostrum eum veritatis autem. Accusantium velit voluptatem nemo voluptas necessitatibus sit.','1971-12-20 11:44:39','1974-11-01 21:03:07'),(50,'rjad',50,'Vel et eum aliquid at. Sunt sunt dolores fugiat architecto. Similique consequatur illo quod iste assumenda minima qui qui. Ea nihil inventore magnam nisi.','1985-01-13 09:35:54','2000-08-10 22:54:54'),(51,'kkgs',51,'Cum consequatur labore doloribus quia. Ullam eaque quo enim tempore fugiat assumenda iusto. Est consequatur adipisci dolorem dolor aut excepturi veniam. Cupiditate sunt natus veritatis veritatis quis non corporis.','2004-02-17 14:52:01','1981-07-28 14:30:18'),(52,'demw',52,'Et impedit eaque totam. Dicta provident voluptate maxime quo. Commodi eum repellat voluptates eos aut enim nostrum explicabo. Aut maxime voluptas qui dolorem.','2002-09-26 16:10:10','2005-01-18 09:12:03'),(53,'ipjg',53,'Odio quibusdam reprehenderit molestiae praesentium. Est porro quia laboriosam doloremque dolorem veritatis et. Iusto rerum totam aut porro possimus.','2001-10-08 18:53:50','2007-08-01 10:45:14'),(54,'vpxs',54,'Ea quas impedit distinctio reiciendis vel. Sit architecto quis quidem eos maiores dolor qui. Expedita nesciunt odit aut. Ea sit ex nulla dolor qui.','2014-08-22 11:12:32','1972-04-24 03:28:05'),(55,'qesu',55,'Distinctio officia quia officiis et. Amet aperiam repellat cum ipsam.','1982-02-22 07:30:51','1980-12-18 05:36:45'),(56,'oeaz',56,'Sequi nisi reiciendis accusantium. Qui rem ea aliquam rerum vel rem. Ut sit reprehenderit rerum doloribus occaecati quaerat. Sequi molestiae occaecati quia.','1981-05-22 23:40:54','2001-02-27 12:59:25'),(57,'wgjj',57,'Necessitatibus id nulla quia optio sapiente ut voluptatum distinctio. Nam doloremque asperiores consequatur dolor praesentium soluta cupiditate. Pariatur eum est ut quo eos adipisci.','1998-01-18 08:06:18','2001-10-02 02:38:37'),(58,'hayl',58,'Magnam molestias sit expedita omnis nulla quia et. Molestiae rerum animi sunt et quaerat itaque fugiat. Fugit et aut voluptas impedit nemo error. Dolorum odit velit pariatur laborum fuga veritatis.','1997-12-27 12:12:41','1973-11-28 20:45:31'),(59,'ynhg',59,'Omnis consequatur et sunt. Tenetur animi dolorem laborum qui cumque. Accusamus numquam error nihil sint qui eaque sunt id. Eum et exercitationem hic illo enim.','1977-07-12 14:01:54','2001-08-30 16:55:07'),(60,'vfyz',60,'Suscipit sint qui est nesciunt itaque impedit ut. Quod aliquam sunt error cum ab. Magnam at et nesciunt praesentium assumenda illum omnis iure.','2019-10-10 13:41:19','1976-12-25 17:35:22'),(61,'telr',61,'Magni praesentium a sed totam. Officiis sed eum et animi et velit. Ut saepe iste harum aut.','1992-03-22 07:58:28','2020-04-06 14:29:47'),(62,'ppym',62,'Et odio natus recusandae illum cumque aut sit. Consectetur architecto et qui quibusdam quia. Molestias id voluptate aut sapiente reiciendis ut perferendis.','1971-07-28 05:43:42','1989-01-15 05:29:29'),(63,'ktzf',63,'Expedita consectetur est inventore modi nesciunt nulla dicta. Et in cum eius quod aut voluptas. Iusto est et quasi nostrum sit officiis soluta.','2012-05-19 21:58:25','2000-07-27 19:18:55'),(64,'oowe',64,'Cum molestiae cupiditate ipsa nihil itaque ad illum pariatur. Quae et quidem aut quas. Repellat qui sapiente corrupti rerum quo.','1971-07-28 11:22:39','1983-02-22 05:52:40'),(65,'gpci',65,'Aut aliquam sunt ut autem hic doloremque omnis. Et minima iste enim ut. Illo deserunt aspernatur aliquid quia est. Modi est magnam nesciunt sit.','2006-09-01 18:44:00','1996-06-27 17:11:14'),(66,'pwnv',66,'Esse magnam quo architecto impedit beatae sequi itaque. Nulla minima accusantium ut. Nesciunt autem doloribus tempore eum inventore accusantium. Hic cum et voluptas laborum vitae.','1978-05-19 13:40:37','1984-03-22 15:54:43'),(67,'ytrc',67,'Similique repudiandae rem ut numquam voluptate aut consequatur. Harum doloremque rerum architecto ullam quos possimus. Laboriosam similique consequatur occaecati aliquid velit laboriosam.','2017-12-23 10:23:48','1999-08-02 00:19:39'),(68,'puqs',68,'Et ut temporibus laboriosam. Nihil provident nemo incidunt asperiores id eos soluta. Reprehenderit voluptatem laborum totam nihil. Labore fugit non quia vel.','1990-03-08 19:38:16','1996-03-12 08:00:58'),(69,'ahda',69,'Esse voluptatibus tempora cupiditate in quidem aliquam nihil. Sunt eligendi aut sit voluptatibus. Consequatur consequatur itaque sit est numquam.','1974-05-01 03:20:19','1976-04-11 09:22:36'),(70,'jcfa',70,'Optio doloribus non quidem quasi mollitia rem. Sed non possimus velit consequatur eaque itaque. Possimus harum perferendis nihil rerum.','1974-03-06 17:14:33','2020-05-18 03:22:36'),(71,'njhk',71,'Saepe aut nihil est praesentium. Aperiam qui voluptatem dolor. Minima aut et adipisci magni at dolorem aspernatur odio.','1987-10-05 15:17:02','1991-06-04 10:55:25'),(72,'kdvu',72,'Dolor id facere animi et voluptatum consequuntur aut. Minima et sunt inventore ipsam dignissimos amet.','1973-07-27 19:11:27','1996-09-24 05:57:10'),(73,'wshk',73,'Et recusandae ex id eligendi vel reiciendis. Optio voluptatem architecto excepturi repellendus est vero sapiente. Sunt neque eos omnis sit et vero quis eum. Magni mollitia qui officia deleniti laborum qui. Reprehenderit nemo omnis explicabo culpa.','2010-05-19 13:35:42','1972-10-18 04:09:22'),(74,'ujzw',74,'Excepturi accusantium cumque reprehenderit voluptas et quia. Ut vel doloremque et doloribus. Repellat dolores dolor ut exercitationem soluta illo.','1989-04-11 10:12:15','1973-10-21 20:07:10'),(75,'jkgm',75,'Fugiat quasi deleniti dolor non. Harum saepe eligendi praesentium numquam tenetur labore minus. Laboriosam et voluptatem distinctio et. Vero modi sed voluptas eveniet deleniti.','1973-11-13 22:25:11','2015-09-05 03:47:10'),(76,'msqq',76,'Ut sint quaerat qui iste. Tempore qui soluta dolorem. Porro id ratione similique dolor odit tempora consequatur voluptatem. Consequatur culpa ut magnam vel suscipit beatae dignissimos. Voluptatem repellat modi maiores voluptatem est in.','2015-07-19 16:12:54','2016-05-28 14:03:33'),(77,'guag',77,'Ullam et earum occaecati repudiandae sunt. Modi ipsa earum esse iusto molestias sit recusandae. Est provident vel ipsum non odio sint quis.','2011-08-08 05:42:20','2008-03-05 11:20:07'),(78,'mgbr',78,'Ratione voluptatem a ratione facilis ea aut eligendi. Voluptatem corporis omnis odio placeat fugiat veritatis iusto nobis. Provident et quod magni eum optio ducimus aut.','1994-06-02 15:52:47','1996-08-15 14:37:47'),(79,'iqqg',79,'Accusamus cupiditate qui eum qui. Repellat omnis et voluptates nostrum odio. Sunt laudantium aut deleniti consequatur. Quisquam nihil dolore exercitationem fuga fugiat eos.','1974-03-15 14:34:24','1980-02-15 16:13:52'),(80,'sbib',80,'Quos similique voluptate qui optio. Velit veniam qui et quasi ipsum ex saepe. Magnam et et amet qui molestias.','1997-02-27 00:28:20','1986-03-16 19:45:56'),(81,'pcez',81,'Quam non autem qui. Nisi et repudiandae quo et enim optio.','2020-03-03 06:19:19','2019-03-14 17:22:34'),(82,'swsr',82,'Est et in non numquam consequatur dicta. Illum similique pariatur possimus expedita.','2019-04-19 02:17:09','1998-02-03 17:10:49'),(83,'wlgw',83,'Beatae autem repudiandae ipsam modi beatae doloribus fugit. Vel aut unde nostrum beatae quibusdam. Fugiat non nisi magni omnis odit quisquam atque. Atque qui deserunt quis laborum.','2012-02-11 06:50:44','2010-12-13 08:02:31'),(84,'joag',84,'Iusto doloremque culpa asperiores vitae. Ab nulla ea omnis. Minima placeat maxime libero aspernatur ipsam.','1975-03-19 06:19:41','1991-07-17 23:26:02'),(85,'zhaf',85,'Nostrum recusandae et minus molestias. Expedita rem laborum libero ipsa est sed. Enim officiis animi ab qui accusantium maxime vitae. Nulla quaerat soluta deserunt.','1971-12-05 15:06:54','2020-06-25 04:41:42'),(86,'jwbb',86,'Deserunt quibusdam magni reiciendis esse temporibus. Reiciendis molestiae optio qui commodi autem. Necessitatibus aut unde qui repellendus beatae quibusdam.','1975-12-24 06:24:03','1990-03-22 14:31:59'),(87,'usdn',87,'Sint alias et provident expedita. Aut asperiores delectus repellat aspernatur et. Autem quas laudantium ea iste nihil a.','2014-07-20 23:50:46','2006-12-02 00:23:21'),(88,'xhvi',88,'Ut quaerat vel similique. Nemo quas qui impedit. Saepe veritatis inventore pariatur facere. Perspiciatis nulla ratione consectetur et rem explicabo soluta. Qui et ratione ullam cum qui cumque non.','1987-10-29 15:19:03','1991-06-04 22:10:15'),(89,'welo',89,'Error neque ex laudantium est. Quia ut autem commodi quis quas impedit. Impedit dolor in et non. Repellendus aliquam nulla corrupti error sunt ut sequi eligendi.','2011-07-01 06:23:46','2018-12-04 10:43:39'),(90,'kigb',90,'Amet temporibus hic alias voluptatem. Rerum vero quidem pariatur dicta nesciunt quo dolorum. In nemo recusandae quia non.','2007-01-10 05:02:40','1989-01-09 08:33:55'),(91,'sffh',91,'Et ea veniam quo occaecati et. Adipisci at corrupti consequuntur cumque dolores deserunt aspernatur. Id corrupti consectetur nihil voluptatibus voluptatem et.','1986-02-15 14:01:58','1991-12-03 01:35:44'),(92,'iqwg',92,'Dolorem sint voluptatem delectus velit. Ea necessitatibus sed exercitationem ea amet quis qui. Atque ad molestias fugit et.','2001-06-15 14:55:35','2007-01-08 07:46:01'),(93,'fndo',93,'Officia ex voluptate ipsum tenetur earum et. Aspernatur amet illo libero aut rem at soluta. Consequatur iste labore pariatur hic voluptatem fuga recusandae similique. Aut mollitia voluptatem exercitationem itaque sed rerum.','2007-09-06 18:55:23','1992-11-21 00:18:18'),(94,'pzef',94,'Quasi est aut omnis accusantium enim quia sed officiis. Voluptatem debitis ea qui totam quasi voluptate sit. Debitis sapiente numquam quo earum.','2000-06-21 15:42:17','1998-05-16 20:12:36'),(95,'zbmp',95,'Sed accusantium sint dicta excepturi voluptas. Aut aliquid sunt unde facere mollitia iure consequatur. Exercitationem repellendus aliquam velit aut velit. Velit mollitia qui nesciunt consequatur doloremque optio.','2010-08-09 04:34:30','1979-09-02 03:14:04'),(96,'atfk',96,'In quisquam quo ut velit nihil et. Architecto quia quo quos quidem dolor accusantium. Sit sint mollitia distinctio et vitae dolorem odit ducimus. Iure fugiat aut ut voluptatibus enim.','2007-07-12 07:41:35','2001-09-14 02:15:03'),(97,'wskt',97,'Commodi nemo mollitia ut asperiores omnis nemo eum. Sunt eum voluptatem rerum qui dolorem inventore. Labore enim eligendi est recusandae.','1990-12-13 16:28:40','2000-09-20 23:16:22'),(98,'szjq',98,'Est fuga aliquid sint est. Sed itaque sit non non. Sequi et quod enim quia dolorem. Perferendis ut neque aut deserunt.','1986-08-08 05:33:04','1999-08-22 21:15:20'),(99,'oeba',99,'Itaque accusamus quisquam rem et molestias. Deleniti officia odit totam soluta quo est expedita. Ut blanditiis quos soluta laboriosam ut iste ducimus vitae. Temporibus sint vero sit assumenda. Et tempore tempora cum et facere dolore.','2002-01-31 16:06:38','1975-05-29 17:59:46'),(100,'ohxv',100,'Ea et corporis asperiores commodi et mollitia et vel. Illum debitis esse ut voluptatem tempora. Ut laudantium inventore quibusdam quaerat.','1984-07-28 05:50:51','2002-12-25 00:10:46');
/*!40000 ALTER TABLE `photo` ENABLE KEYS */;
UNLOCK TABLES;

--
-- Table structure for table `posts`
--

DROP TABLE IF EXISTS `posts`;
/*!40101 SET @saved_cs_client     = @@character_set_client */;
/*!50503 SET character_set_client = utf8mb4 */;
CREATE TABLE `posts` (
  `id` bigint unsigned NOT NULL AUTO_INCREMENT,
  `user_id` bigint unsigned NOT NULL,
  `body` text,
  `attachments` json DEFAULT NULL,
  `metadata` json DEFAULT NULL,
  `created_at` datetime DEFAULT CURRENT_TIMESTAMP,
  `updated_at` datetime DEFAULT CURRENT_TIMESTAMP ON UPDATE CURRENT_TIMESTAMP,
  PRIMARY KEY (`id`),
  UNIQUE KEY `id` (`id`),
  KEY `user_id` (`user_id`),
  CONSTRAINT `posts_ibfk_1` FOREIGN KEY (`user_id`) REFERENCES `users` (`id`)
) ENGINE=InnoDB AUTO_INCREMENT=101 DEFAULT CHARSET=utf8mb4 COLLATE=utf8mb4_0900_ai_ci;
/*!40101 SET character_set_client = @saved_cs_client */;

--
-- Dumping data for table `posts`
--

LOCK TABLES `posts` WRITE;
/*!40000 ALTER TABLE `posts` DISABLE KEYS */;
INSERT INTO `posts` VALUES (1,1,'Modi nobis accusantium consequatur delectus sapiente eum. Itaque in corrupti quo non quaerat similique consectetur quasi. Animi error nulla et beatae labore consequatur. Omnis atque quaerat laborum pariatur vitae. Ipsa repudiandae eos repellendus sunt.',NULL,NULL,'2009-08-04 07:37:28','2002-07-08 23:35:46'),(2,2,'Illo odio modi laudantium iusto adipisci et delectus. Facere delectus repellat quam facilis.',NULL,NULL,'2004-12-31 13:43:53','1999-11-10 09:26:00'),(3,3,'Est sit sit eius tempore dolorem est aut quas. Ullam iure corporis voluptatem dicta commodi sed. Vero minima quia porro odio dolor.',NULL,NULL,'2016-12-21 17:00:17','1973-07-25 19:36:44'),(4,4,'Corporis natus consequuntur suscipit odio repellendus veritatis labore. Quos quia aperiam vel et. Illum quasi est quia commodi molestiae.',NULL,NULL,'1977-08-11 19:58:42','1994-04-02 13:06:15'),(5,5,'Illo exercitationem enim rerum at. Vel voluptas illum quaerat quisquam voluptas autem. Illum eligendi accusantium explicabo voluptatem impedit necessitatibus doloremque.',NULL,NULL,'2010-09-05 08:01:11','1987-04-18 12:06:17'),(6,6,'Sunt quis illum nemo commodi sequi consequatur sint fuga. Deleniti quibusdam sit aut sed reprehenderit nobis. Sint tempora magnam et mollitia aut maxime dolorem repudiandae. Impedit et inventore nam ipsam expedita consequatur.',NULL,NULL,'2001-05-18 11:47:18','2008-02-21 22:39:23'),(7,7,'Non optio sit consequatur qui soluta quae minus aperiam. Autem est optio neque recusandae exercitationem sed corrupti qui. Earum ipsa saepe similique sit expedita.',NULL,NULL,'1973-10-04 17:47:05','2000-07-10 04:28:14'),(8,8,'Omnis consectetur delectus voluptas qui illo tempora autem. Ea error ipsa molestiae accusantium consequuntur laudantium esse. Sunt qui consequuntur rerum ratione earum ex velit. Repellendus maxime ut sequi.',NULL,NULL,'1980-09-17 13:20:41','1973-06-26 17:13:28'),(9,9,'Quod praesentium maiores atque ut laudantium quia voluptas. Praesentium ipsam qui voluptatem id sequi dolores voluptatem corporis. Corrupti sed temporibus est dolores. Ipsum doloribus tenetur veniam itaque repudiandae.',NULL,NULL,'1971-05-24 20:27:48','2012-05-30 10:35:40'),(10,10,'Quam nisi qui minima natus laboriosam quod. Ex in consequatur quia unde quam ea. Eos corporis eligendi quam animi architecto et ducimus. Est odit veniam rerum.',NULL,NULL,'2012-02-26 09:18:56','2014-06-21 08:26:54'),(11,11,'Culpa adipisci magni atque provident consequuntur blanditiis suscipit nesciunt. Facere aut est itaque dolor cum. Nam ut ut non qui fugit. Nam quos ipsa accusamus culpa perspiciatis tempore. Impedit doloremque ducimus vero placeat enim assumenda.',NULL,NULL,'1994-05-17 19:26:25','1982-10-03 21:58:52'),(12,12,'Omnis excepturi nihil eos. Quis hic officia libero labore. Culpa nulla aut minima eaque dolor.',NULL,NULL,'1992-07-10 18:56:47','2020-02-25 18:33:49'),(13,13,'Et et eos eos soluta sunt perspiciatis. Non nulla magnam et mollitia accusantium non eaque. Ab et iusto aliquid reprehenderit repellat beatae cumque maxime. Temporibus sequi est animi pariatur.',NULL,NULL,'1993-09-07 04:19:37','1982-05-29 17:18:56'),(14,14,'Id eum omnis facilis vel recusandae dolores. Provident occaecati sapiente minima harum. Delectus magnam sed sed vel tempora facere.',NULL,NULL,'1980-11-08 05:34:08','1973-06-14 07:23:26'),(15,15,'Et ut architecto iste voluptatem aut sint fuga. Adipisci consequatur blanditiis ad totam ullam. Sint voluptatum officia pariatur repellat id est. Ipsum ut et ut velit dolore.',NULL,NULL,'1987-08-29 08:49:14','2011-03-29 04:30:47'),(16,16,'Hic nemo repudiandae voluptas sed ab totam. Voluptatem magnam quam eveniet. Et voluptatem animi qui sapiente doloremque quos itaque. Blanditiis sequi quam hic nemo velit ut quas.',NULL,NULL,'1999-03-12 10:24:41','1974-01-10 16:24:23'),(17,17,'Molestiae neque neque voluptates. Sint libero nemo sed et natus quibusdam distinctio. Reiciendis dolorum cumque cum. Sint aut dolorum ut.',NULL,NULL,'2018-09-22 16:55:57','1984-09-28 16:11:27'),(18,18,'Sunt vitae aut voluptate porro aut fugit. Sit quia harum ea esse optio doloremque ipsam. Numquam dicta rerum eum nihil sed et et.',NULL,NULL,'2003-12-08 06:31:17','1991-05-03 17:02:29'),(19,19,'Aut illum totam impedit rerum et consectetur. Asperiores at consequuntur ea blanditiis in.',NULL,NULL,'1982-08-17 10:35:35','2002-08-07 20:40:53'),(20,20,'Modi autem quas nisi ex. Alias sed nobis qui odit quia.',NULL,NULL,'2009-12-31 09:17:13','1993-11-24 15:58:58'),(21,21,'Nobis praesentium est quasi aut quo ducimus. Quod sint aut ducimus fuga fugiat optio.',NULL,NULL,'1994-12-25 10:17:52','2018-11-29 01:45:39'),(22,22,'Nihil doloremque mollitia eos et quas occaecati. Ducimus iure itaque odio voluptatum quia maiores laudantium sit. Culpa maiores hic vel distinctio et sunt aut.',NULL,NULL,'2019-09-07 01:21:46','1983-10-14 00:58:22'),(23,23,'Et et tempora eaque sed libero quos. Voluptas laborum et suscipit in minima. Reiciendis ipsum corrupti molestiae minus dignissimos quisquam autem.',NULL,NULL,'2010-07-10 00:27:59','1995-11-20 22:09:14'),(24,24,'In dolorum voluptas quibusdam quae officia accusamus veritatis. Nemo dolores labore qui qui rem saepe sit quisquam. Omnis et cum aperiam iusto ut. Impedit ea voluptate ut beatae et earum.',NULL,NULL,'2010-06-09 06:05:26','2016-04-29 01:51:52'),(25,25,'Ullam eos quia est omnis voluptatem ut. Neque ipsam deserunt quibusdam sunt mollitia laborum iusto. Ab et id quia alias atque. Incidunt saepe eaque quas illum ea voluptatem. Nisi molestias cupiditate consequatur consequatur asperiores saepe.',NULL,NULL,'1984-02-22 11:43:38','1976-10-25 18:59:16'),(26,26,'Expedita et nesciunt quidem itaque voluptatum itaque cum animi. Molestiae reiciendis deserunt nisi cum rerum consequatur. Asperiores repudiandae placeat autem facere. Inventore culpa aut repellat et cumque aliquam. Quae dolores dolores dignissimos autem.',NULL,NULL,'1982-10-27 22:22:48','1988-01-06 01:29:34'),(27,27,'Voluptates dolorem blanditiis quae qui modi quibusdam perferendis. Omnis odit at dolorem recusandae accusantium qui et aut. Et recusandae et aut facere ut consectetur.',NULL,NULL,'1998-12-31 06:07:49','2011-12-25 12:38:03'),(28,28,'Sapiente velit omnis et illum. Ullam aut aliquid a.',NULL,NULL,'1979-12-12 17:41:50','1974-01-21 12:23:57'),(29,29,'Quas cum aut corrupti rerum eum ea ut. Et est molestiae necessitatibus sit in provident quibusdam. Esse mollitia et quia est culpa dolorum.',NULL,NULL,'1972-12-24 07:47:53','1974-01-21 15:02:06'),(30,30,'Nobis et magnam earum sunt. Non alias est quae est laudantium necessitatibus. Officia modi eum modi deleniti. Exercitationem cumque quia doloribus saepe.',NULL,NULL,'2008-05-16 06:33:23','1999-09-04 15:45:27'),(31,31,'Maiores aut ut possimus voluptatem eligendi voluptates. Fugiat itaque voluptates unde ducimus assumenda eius vitae. Non rerum nisi praesentium voluptatem nemo et eius temporibus.',NULL,NULL,'1987-10-24 18:39:51','2009-08-11 06:56:00'),(32,32,'Aut tenetur quia vel dolore. Necessitatibus iure magnam ex. Aut quia est facilis dolore voluptas at similique eaque.',NULL,NULL,'1985-08-01 10:58:08','2005-12-27 03:53:33'),(33,33,'Est neque vel at. Ipsa eos consequatur facere. Nisi dolor earum dolorem accusantium dolores sit. Et soluta voluptatem est at alias natus.',NULL,NULL,'2001-10-30 03:45:06','1977-01-25 01:37:39'),(34,34,'Ea explicabo placeat qui qui corrupti reprehenderit quisquam. Possimus consectetur ipsum repellat possimus quas sunt eos. Quia ducimus distinctio optio totam corporis. Et soluta odit aliquam vel non aut sequi.',NULL,NULL,'1991-05-20 14:56:26','2011-08-08 21:42:51'),(35,35,'Odit ab voluptatibus recusandae quos. Magni quam nemo sunt amet ullam. Quos magni ex porro numquam ipsam. Aut voluptas consectetur inventore.',NULL,NULL,'1982-12-02 19:28:32','1992-07-05 02:10:36'),(36,36,'Eum quam voluptates hic velit architecto ab voluptas quis. Omnis officia sapiente incidunt. Ab omnis et unde aut est sed eveniet.',NULL,NULL,'1998-11-12 12:37:16','1995-12-27 22:04:46'),(37,37,'Atque ut corrupti aperiam ullam. Quia inventore suscipit debitis omnis aut. Nemo enim aut provident incidunt consequatur nemo iure. Dolore laudantium neque sed voluptas non natus est.',NULL,NULL,'1990-07-25 22:14:20','1993-07-12 19:42:55'),(38,38,'Et ut rerum minima dignissimos. Minima dolorum numquam aut dicta voluptas deleniti consequatur. Possimus facilis dolor reprehenderit. A sit consequatur voluptatem repellendus et alias et.',NULL,NULL,'1994-01-27 08:31:29','1986-01-06 21:30:41'),(39,39,'Saepe maxime vero ut. Impedit repellat quasi tempore laboriosam consequatur. Cum eius illo dolor.',NULL,NULL,'1979-04-28 06:31:29','2012-07-25 15:07:29'),(40,40,'Soluta recusandae eaque eum. Aut earum vel vero non labore placeat. Sit ea quo rerum dolore et. Ab nam qui molestias qui totam.',NULL,NULL,'1977-08-03 14:35:28','2001-09-06 09:53:56'),(41,41,'Facilis et et eos est vel assumenda architecto. Quaerat laudantium at laborum repudiandae velit.',NULL,NULL,'2003-01-06 02:33:43','1970-05-25 00:14:52'),(42,42,'Repudiandae quis rerum dignissimos temporibus iste voluptas commodi vel. Quia exercitationem itaque est. Provident aperiam beatae et earum neque velit. Ipsam numquam vel a et.',NULL,NULL,'1996-04-23 16:49:54','2019-05-20 18:43:38'),(43,43,'Omnis dolorem omnis dolorum sit harum quidem. Dolorem animi aut nihil maxime. Explicabo optio consequatur est deleniti tenetur similique mollitia.',NULL,NULL,'1970-06-26 18:52:12','1981-05-13 14:23:45'),(44,44,'Ducimus voluptates provident illo rerum. Et porro reiciendis omnis sed libero laborum. Et reiciendis nemo blanditiis id.',NULL,NULL,'2014-11-17 09:04:11','1976-12-15 01:51:27'),(45,45,'Totam iure qui non veritatis libero facere. Impedit aut laboriosam eos blanditiis eligendi. Ut officiis voluptatem delectus doloremque qui harum quidem. Illum laboriosam ducimus quos optio nisi.',NULL,NULL,'1982-08-09 00:12:32','1996-02-27 18:15:39'),(46,46,'Aut laborum nulla velit quidem. Tenetur iste dolores quia nemo nemo molestiae eligendi. Magni quibusdam asperiores rem repellendus. Id quis sapiente provident.',NULL,NULL,'1989-05-13 05:15:02','1970-06-08 23:09:41'),(47,47,'Facere modi soluta nobis amet possimus ut pariatur. Et assumenda dolorum itaque vitae repudiandae recusandae.',NULL,NULL,'1979-12-10 07:24:01','2016-09-15 14:43:40'),(48,48,'Repellat reprehenderit amet culpa voluptas laudantium iure voluptatem est. Veniam sed maiores porro quam aut voluptates. In delectus dolorum voluptatem laborum veritatis. Deserunt soluta qui sequi repellendus.',NULL,NULL,'1997-08-27 00:33:39','1996-09-04 22:48:47'),(49,49,'Exercitationem voluptatem voluptatem quidem molestiae. Nobis voluptas sequi quis rem.',NULL,NULL,'1991-04-05 13:21:20','2010-09-28 18:26:14'),(50,50,'Sed veniam et et dolorum vitae illum. Architecto voluptates nam quam et. Mollitia doloremque soluta facere alias fugit. Fugit quaerat consectetur autem.',NULL,NULL,'2009-11-30 14:41:19','2002-03-25 11:09:24'),(51,51,'Ipsa sit alias ab. Natus consequatur at et vel. Nemo excepturi commodi illum voluptatem. Autem illo dolores earum ratione ipsa voluptatum.',NULL,NULL,'1970-08-24 19:34:12','1988-03-21 17:34:46'),(52,52,'Quas quis laboriosam mollitia sint consectetur molestias. Vitae atque consequuntur eum nisi corrupti maiores nobis. Repellat id sunt assumenda. Mollitia rerum fugiat vero est. Soluta tempore delectus ipsum ea id.',NULL,NULL,'1976-07-26 20:21:46','1993-05-15 03:35:37'),(53,53,'Sunt deserunt error nulla nobis debitis doloremque eligendi. Minus sed velit nobis itaque. Neque culpa dolor pariatur ad laboriosam cupiditate aperiam. Dicta temporibus animi voluptatem quia.',NULL,NULL,'2010-01-28 15:46:22','1994-04-28 19:11:52'),(54,54,'Ipsam labore illum nam eum eum ea. Est est et sequi consectetur quis vitae.',NULL,NULL,'2001-07-06 23:31:10','1998-03-01 22:57:40'),(55,55,'Nihil sequi explicabo fuga tempora nemo veniam. Maiores ut quia ipsa omnis iste. Minus sed ut ea dolor quia unde fuga.',NULL,NULL,'1982-03-10 13:16:29','2011-06-15 21:36:52'),(56,56,'Placeat molestiae sit cumque. Ipsam magnam aliquid dolore aliquam suscipit laborum. Tempore temporibus debitis nulla.',NULL,NULL,'1984-02-24 02:18:50','2009-07-30 12:03:37'),(57,57,'Consequuntur et cupiditate qui velit quia. Qui qui deleniti temporibus sit omnis omnis maiores. Laborum rerum officiis ducimus a vero rerum. Placeat dignissimos quam unde quas cum.',NULL,NULL,'1973-08-16 21:04:39','2002-03-29 20:41:14'),(58,58,'Et omnis aperiam aliquid ratione id. Ut quod et delectus. Qui porro blanditiis aut iste tenetur ex ut.',NULL,NULL,'1999-10-06 13:36:53','1976-03-06 18:28:57'),(59,59,'Voluptas cumque qui nihil hic nihil. Adipisci cumque nihil dolore autem autem. Distinctio dolores iusto consequatur ipsam quae et voluptas ea.',NULL,NULL,'2015-09-08 22:03:12','1981-03-10 02:45:55'),(60,60,'Repellat aut recusandae ex ut ratione quia et molestias. Quae voluptates eius molestiae sunt quo. Qui et et perspiciatis accusantium sunt eos fuga. Expedita incidunt qui voluptatem et dolore dolor.',NULL,NULL,'1989-01-03 23:53:28','1999-11-24 19:51:36'),(61,61,'Illum a totam exercitationem sunt id magnam laborum. Ea architecto aut perspiciatis aspernatur. Repudiandae velit ad odio et et.',NULL,NULL,'2007-11-05 08:51:56','1975-09-09 19:37:13'),(62,62,'Sapiente tempora libero officiis et. Earum ducimus facilis consequatur velit rem qui. Nihil consequatur asperiores perspiciatis qui ad voluptatum.',NULL,NULL,'2003-08-24 15:44:45','2014-05-31 00:25:20'),(63,63,'Enim quo suscipit quibusdam voluptatem aut ea impedit. Distinctio qui laboriosam quam. Deleniti ut iste nihil qui molestiae labore.',NULL,NULL,'1997-10-16 20:05:45','1980-10-03 10:19:26'),(64,64,'Aut quia sint est ut. Id quis autem deserunt ad quis. Corporis error sint provident omnis necessitatibus aperiam. Cumque labore corporis labore consequatur laborum sit.',NULL,NULL,'2014-09-10 14:05:06','2012-07-13 14:45:35'),(65,65,'Corrupti eius autem sequi debitis facilis reiciendis corrupti. Est et nisi at veritatis et. Sint laboriosam magnam consectetur explicabo facere mollitia. Ducimus quo suscipit et occaecati non incidunt odit.',NULL,NULL,'2012-12-05 11:14:35','2011-02-07 04:20:19'),(66,66,'Voluptatem perspiciatis aut similique possimus repellendus eos voluptas nihil. Pariatur delectus deserunt soluta quas facere quidem nulla sed. Rerum voluptas facilis sapiente porro sint. Fugit sit quam dolor illum officia aspernatur optio.',NULL,NULL,'1995-06-19 12:20:09','2019-10-23 23:17:31'),(67,67,'Beatae eveniet voluptatibus vero aut. Tenetur aut hic accusantium libero. Nam debitis quaerat quis natus beatae est. Aspernatur totam quisquam voluptatem mollitia.',NULL,NULL,'2015-03-26 22:52:14','1983-09-07 15:26:06'),(68,68,'Nobis dolorem et illo culpa autem. Itaque dolorum nihil autem quia. Velit illum consequatur aut in consequuntur totam ipsa. Corrupti accusantium qui voluptatem reprehenderit placeat nesciunt.',NULL,NULL,'1978-01-11 17:33:25','1989-01-12 16:26:32'),(69,69,'Amet quam maxime perspiciatis suscipit aliquam. Fuga rem a sed id vel hic. Et praesentium nesciunt mollitia in neque adipisci nemo. Et voluptatem officiis incidunt quos aperiam.',NULL,NULL,'2000-04-01 08:03:59','1989-06-07 19:30:14'),(70,70,'Nisi voluptatem commodi voluptatem rem quia sit. Labore distinctio et sequi voluptatem at. Et est quo sit est.',NULL,NULL,'2019-08-22 12:02:21','2014-07-14 13:22:00'),(71,71,'Sunt repellat omnis explicabo quo quis aut. Ratione illo accusantium et numquam necessitatibus asperiores. Ab et est veniam. Accusantium sunt et officia est.',NULL,NULL,'2005-08-20 16:11:44','1990-06-11 23:32:49'),(72,72,'Perspiciatis qui qui omnis consequatur aut asperiores soluta est. Perferendis rerum est velit. Officiis omnis iste accusantium modi nihil perspiciatis. Quidem officiis ab deserunt necessitatibus quisquam.',NULL,NULL,'1992-10-20 13:49:48','1996-12-28 09:55:22'),(73,73,'Officiis et incidunt voluptatem numquam. Et sequi rerum voluptatibus deleniti sit. Rerum qui blanditiis soluta. In reiciendis sunt quo rerum enim dicta.',NULL,NULL,'1987-08-21 15:31:01','2004-04-05 13:59:08'),(74,74,'Eum nam saepe et laboriosam et error. Labore quaerat dolores rerum. Quia et labore repudiandae perspiciatis. Quae rerum et quam rerum tempora labore aliquid.',NULL,NULL,'1991-12-18 16:46:19','1991-08-19 00:35:49'),(75,75,'Eveniet commodi quam illo non nulla sunt totam. Id ut rem et eum. Sit dicta aliquam neque repudiandae esse.',NULL,NULL,'1977-02-23 08:57:21','1986-02-15 23:03:09'),(76,76,'Magnam rerum mollitia reiciendis sunt debitis non. Enim reiciendis provident autem fugit non voluptatibus autem odit. At sint labore illum atque itaque temporibus corporis qui.',NULL,NULL,'1983-05-27 20:07:36','2010-09-16 17:14:53'),(77,77,'Ipsam totam et itaque inventore adipisci autem suscipit dicta. Magnam ut vel reiciendis dolorum est. Et quia laborum nihil ea. Quo ratione quo repudiandae consequatur voluptatum voluptas veniam.',NULL,NULL,'2016-01-01 22:10:52','1983-01-08 23:10:11'),(78,78,'Fugit quod ut dolor enim et. Ut occaecati voluptatibus ea harum eius. Nostrum ad optio ut dolore quia. Sint laborum velit libero pariatur consectetur. Maiores doloribus assumenda veniam nihil ut aut earum.',NULL,NULL,'1970-07-25 10:29:07','2002-07-09 16:00:41'),(79,79,'Provident ut cupiditate odit ex. Ipsa voluptates minima est illo dolor assumenda beatae ipsa. Molestiae omnis et eligendi tenetur voluptatem tempora rem.',NULL,NULL,'2013-10-11 09:05:27','1983-04-15 21:59:54'),(80,80,'Facilis velit libero magni nobis molestiae ut similique. Consequatur dolores minima velit reiciendis delectus impedit. Velit corrupti saepe harum quia. Est perspiciatis porro quam deleniti assumenda.',NULL,NULL,'1987-12-15 12:19:43','1979-10-08 14:09:21'),(81,81,'Quia dolores sit rem repudiandae. Eum tempora illo asperiores expedita sit facere deserunt.',NULL,NULL,'2017-05-28 22:14:37','2003-09-16 10:04:55'),(82,82,'Eum architecto sint et nihil aspernatur minima. Dolorem qui voluptate sunt voluptatem aliquam dolor id fugiat. Voluptas necessitatibus laudantium corporis. Iusto explicabo omnis aut hic et distinctio consequatur doloribus.',NULL,NULL,'1993-12-05 05:04:04','1975-08-11 01:15:43'),(83,83,'Voluptatem repellat repudiandae officiis blanditiis voluptatem aut dolorem. Quod quibusdam cumque itaque. Aut minus consectetur nihil quia.',NULL,NULL,'1991-03-13 18:35:16','1976-12-18 11:44:50'),(84,84,'Voluptas eaque similique ullam. Dolorum nemo repudiandae maiores ullam et consectetur fugit. Sit est et sint corporis. Inventore accusamus earum aliquam voluptate.',NULL,NULL,'1977-11-09 22:52:56','1978-12-26 08:43:53'),(85,85,'Sit suscipit accusantium nostrum ex accusantium eos. Voluptates repudiandae provident nostrum vel. Temporibus excepturi velit vel illo tenetur. Laudantium sit perspiciatis voluptas animi odio nulla minima. Aut ut cupiditate culpa omnis et repellendus illum et.',NULL,NULL,'1988-03-03 10:20:00','1989-12-18 06:29:48'),(86,86,'Quae commodi ea modi. Eum et qui sit. Itaque nulla eos iusto consequatur.',NULL,NULL,'1978-10-23 03:46:48','2014-11-18 02:12:13'),(87,87,'Est numquam velit velit nobis ducimus omnis saepe. Dolorem placeat saepe occaecati illo corporis exercitationem. Et perspiciatis ad voluptatem dolores. Ipsa aperiam nisi adipisci vel quia aut illum aspernatur.',NULL,NULL,'1983-09-25 04:57:52','2008-06-20 20:45:45'),(88,88,'Molestiae dolor et et. Minus rerum totam est. Illo ullam ipsa consequatur velit sit quae.',NULL,NULL,'1988-01-21 06:18:04','1977-12-23 20:08:20'),(89,89,'Vitae hic soluta vitae reiciendis accusamus. Quo laboriosam ipsa soluta enim et eius est. Est omnis dolorem minima quasi autem repudiandae dolorem quae. Ut id totam aut qui fugit aut.',NULL,NULL,'1995-12-11 15:09:11','2010-06-02 22:22:36'),(90,90,'Sed enim facere ut ut ad consequatur inventore est. Voluptatem corporis modi porro ea illum veniam facilis. Corporis inventore doloribus et officiis incidunt optio autem voluptates. Tempora corrupti ullam eum iusto.',NULL,NULL,'2011-09-10 14:12:10','1987-12-30 05:25:34'),(91,91,'Occaecati in blanditiis aspernatur maxime quo incidunt saepe. Exercitationem ut nisi quo consectetur. Rerum quia omnis fuga maiores minus accusamus.',NULL,NULL,'2015-11-06 14:13:09','2019-03-08 08:11:26'),(92,92,'Recusandae quia saepe impedit modi in magnam. Ratione harum sit dolorum quod distinctio praesentium corporis. Porro voluptas aut ratione ratione blanditiis. Assumenda aut et nobis amet.',NULL,NULL,'2004-04-03 20:25:46','1979-10-08 10:51:49'),(93,93,'Voluptates et enim libero quo. Est eum id labore provident quidem.',NULL,NULL,'1995-04-01 17:08:44','2016-03-26 12:54:29'),(94,94,'Cumque tempora debitis sit possimus ducimus aliquid dolores. Molestias laborum odio tenetur voluptatum ut tempore quo. Velit natus id libero. Commodi ut qui temporibus libero non explicabo.',NULL,NULL,'1977-04-20 18:19:13','1988-07-24 21:14:56'),(95,95,'Est vel fugiat cum cumque non id animi laudantium. Accusamus error vitae quae. Sapiente pariatur et ut delectus est. Et rerum est error sint laboriosam.',NULL,NULL,'1970-10-18 11:23:39','1994-12-07 04:48:08'),(96,96,'Enim sint veniam excepturi. Sapiente aut excepturi repellat expedita perspiciatis sint et. Magnam voluptate nobis unde sint esse laboriosam et rerum.',NULL,NULL,'1987-02-05 08:15:52','1982-03-05 10:24:24'),(97,97,'Doloribus ratione molestiae quas qui officia. Quidem ipsam eos quaerat praesentium et earum aspernatur. Porro in saepe eius ullam.',NULL,NULL,'1995-05-01 00:21:18','2005-06-28 06:20:08'),(98,98,'Suscipit mollitia at eaque alias consequuntur error. Ut consequuntur iure itaque mollitia. Rerum rem voluptatem aliquid.',NULL,NULL,'1976-01-09 10:10:52','1994-06-02 18:09:55'),(99,99,'Veritatis et omnis dolor ut aut quo voluptates suscipit. Velit cupiditate et sed architecto. Vel earum veniam vel quae quis mollitia aut.',NULL,NULL,'2011-08-26 17:20:24','1975-02-08 05:54:21'),(100,100,'Omnis odit ullam quibusdam occaecati veritatis expedita exercitationem. Voluptatem est odio cupiditate aut molestiae laudantium natus. Ut repudiandae exercitationem qui repellendus.',NULL,NULL,'1977-01-26 08:27:22','1984-03-09 18:11:02');
/*!40000 ALTER TABLE `posts` ENABLE KEYS */;
UNLOCK TABLES;

--
-- Table structure for table `profiles`
--

DROP TABLE IF EXISTS `profiles`;
/*!40101 SET @saved_cs_client     = @@character_set_client */;
/*!50503 SET character_set_client = utf8mb4 */;
CREATE TABLE `profiles` (
  `id` bigint unsigned NOT NULL AUTO_INCREMENT,
  `user_id` bigint unsigned NOT NULL,
  `gender` char(1) DEFAULT NULL,
  `name` varchar(100) DEFAULT NULL,
  `surname` varchar(100) DEFAULT NULL,
  `birthday` date DEFAULT NULL,
  `photo_id` bigint unsigned DEFAULT NULL,
  `created_at` datetime DEFAULT CURRENT_TIMESTAMP,
  `hometown` varchar(100) DEFAULT NULL,
  PRIMARY KEY (`id`),
  UNIQUE KEY `id` (`id`),
  KEY `user_id` (`user_id`),
  CONSTRAINT `profiles_ibfk_1` FOREIGN KEY (`user_id`) REFERENCES `users` (`id`)
) ENGINE=InnoDB AUTO_INCREMENT=101 DEFAULT CHARSET=utf8mb4 COLLATE=utf8mb4_0900_ai_ci;
/*!40101 SET character_set_client = @saved_cs_client */;

--
-- Dumping data for table `profiles`
--

LOCK TABLES `profiles` WRITE;
/*!40000 ALTER TABLE `profiles` DISABLE KEYS */;
INSERT INTO `profiles` VALUES (1,1,'M','hic','consequatur','1996-08-14',1,'2014-12-15 01:51:14','Satterfieldville'),(2,2,'P','et','consequatur','2017-11-30',2,'1986-02-27 18:15:50','North Tavares'),(3,3,'P','eum','consectetur','1992-06-24',3,'1990-04-24 11:36:43','Wisozkmouth'),(4,4,'D','sit','vitae','1986-05-06',4,'2010-09-29 13:40:56','Kuphalborough'),(5,5,'D','vitae','est','2014-07-19',5,'1970-08-11 06:11:08','South Vaughnfort'),(6,6,'M','illum','qui','1989-07-03',6,'1992-12-18 00:45:42','Port Jamesonview'),(7,7,'P','eaque','nobis','2008-12-03',7,'1982-10-31 03:34:13','Mitchellview'),(8,8,'D','et','sit','1994-04-13',8,'1981-09-13 05:28:30','North Kennethland'),(9,9,'M','quae','pariatur','1991-10-07',9,'1970-05-02 13:52:05','South Graysonville'),(10,10,'M','nulla','et','1987-10-30',10,'2007-08-09 07:59:39','Lake Kelsieton'),(11,11,'M','aut','mollitia','2002-05-06',11,'2010-02-23 22:45:14','Mrazside'),(12,12,'M','a','repellendus','2002-08-04',12,'2020-06-19 01:19:36','Roweshire'),(13,13,'M','ut','nulla','2007-03-10',13,'2000-12-23 09:15:33','Wehnerton'),(14,14,'M','id','temporibus','1988-01-15',14,'2000-11-26 16:18:59','New Diego'),(15,15,'M','omnis','aut','1970-03-06',15,'2018-02-01 00:27:54','Kohlertown'),(16,16,'P','ab','consequuntur','1997-07-03',16,'1981-12-25 06:23:10','Connhaven'),(17,17,'P','iure','ut','1990-11-29',17,'1984-03-11 16:59:47','North Burley'),(18,18,'D','et','alias','1979-03-30',18,'1977-03-09 00:13:55','Lake Jermaine'),(19,19,'D','adipisci','non','2014-08-31',19,'1987-04-19 04:10:55','Johnstonhaven'),(20,20,'D','aliquid','quibusdam','1997-09-18',20,'2003-11-13 02:19:04','Zboncakport'),(21,21,'P','non','qui','1999-12-29',21,'2009-09-02 03:05:10','Lydafort'),(22,22,'M','sequi','expedita','2008-09-28',22,'1978-01-02 19:43:35','East Goldenfort'),(23,23,'P','eum','ut','1974-07-03',23,'1987-12-09 04:45:12','East Patriciahaven'),(24,24,'P','illum','placeat','1979-06-26',24,'1991-07-17 16:25:32','South Myrl'),(25,25,'M','aliquam','eaque','2005-04-12',25,'1994-08-06 11:48:39','Mullerchester'),(26,26,'P','quod','incidunt','2002-10-03',26,'1990-11-02 23:20:57','New Kobe'),(27,27,'D','illum','ipsum','2014-11-27',27,'1977-06-02 20:31:02','Mantechester'),(28,28,'M','sapiente','et','2020-06-29',28,'1989-05-14 10:01:06','Murazikville'),(29,29,'M','sed','eum','1988-05-03',29,'1986-11-22 02:21:12','North Rosinatown'),(30,30,'D','laboriosam','provident','2018-09-01',30,'2012-03-03 10:26:11','Breitenbergstad'),(31,31,'M','aut','delectus','1970-09-15',31,'2015-09-21 19:37:12','New Deron'),(32,32,'D','impedit','totam','1999-11-18',32,'1973-09-28 15:12:28','Lebsackview'),(33,33,'P','itaque','omnis','1980-02-16',33,'1988-11-13 02:20:37','Abetown'),(34,34,'P','rerum','consequuntur','1997-09-28',34,'1994-05-15 20:16:15','South Lucile'),(35,35,'D','porro','odit','2005-06-08',35,'2017-04-24 07:07:16','Harberside'),(36,36,'P','molestiae','totam','1980-05-26',36,'1991-10-18 03:29:25','Hayeston'),(37,37,'M','consequatur','doloribus','1992-04-08',37,'1980-12-01 01:48:45','Kuhicton'),(38,38,'M','consequatur','quibusdam','1986-05-13',38,'1999-10-22 04:00:35','New Hermina'),(39,39,'D','laborum','voluptas','1991-12-20',39,'1987-03-17 18:16:35','Muellerland'),(40,40,'M','nihil','iure','2010-07-12',40,'2009-11-06 14:33:33','Ianmouth'),(41,41,'D','nam','velit','1975-05-12',41,'1995-12-11 06:51:21','West Melissafort'),(42,42,'M','sit','quisquam','2005-10-01',42,'1999-07-03 07:04:18','Kayleefurt'),(43,43,'P','labore','optio','2013-12-24',43,'1998-01-03 17:23:29','South Joyceshire'),(44,44,'D','beatae','eveniet','1980-03-09',44,'1979-03-28 08:27:58','Carmelaburgh'),(45,45,'D','iste','voluptatibus','1977-05-03',45,'1997-01-26 15:33:56','North Orville'),(46,46,'M','velit','nam','2017-01-14',46,'1980-08-31 21:51:56','East Beatriceborough'),(47,47,'M','reprehenderit','minus','2004-04-18',47,'1992-12-06 12:44:43','Lake Stephon'),(48,48,'D','nihil','quam','1974-07-24',48,'1982-10-02 03:06:55','Bernhardburgh'),(49,49,'D','et','sit','1993-10-06',49,'2008-07-08 14:31:24','Ornbury'),(50,50,'P','atque','tempore','2003-09-17',50,'2002-12-25 08:12:14','New Jerad'),(51,51,'M','dolorem','dolore','2016-01-18',51,'2011-06-05 13:29:39','Gottliebton'),(52,52,'P','et','ut','2016-09-02',52,'1976-11-12 13:16:56','Port Cordie'),(53,53,'D','quibusdam','repellendus','2008-10-26',53,'1976-05-04 14:54:04','Hesselview'),(54,54,'D','at','quos','2007-11-03',54,'2003-04-01 11:38:11','Lake Zackaryside'),(55,55,'M','et','omnis','1979-10-06',55,'2014-05-21 23:54:40','Rubyeside'),(56,56,'P','nemo','consectetur','2019-06-09',56,'1979-07-28 19:29:56','New Malindaside'),(57,57,'D','corporis','veniam','1973-10-10',57,'2009-08-28 17:38:20','Whiteport'),(58,58,'M','impedit','dolore','2014-04-24',58,'2014-01-30 11:51:00','New Audra'),(59,59,'M','sed','est','1995-09-11',59,'1987-10-29 21:20:06','North Nicholas'),(60,60,'M','nam','voluptatum','2018-11-24',60,'1999-01-29 15:05:01','Port Raul'),(61,61,'M','error','optio','2002-01-13',61,'1994-12-13 06:02:36','Wilsonborough'),(62,62,'M','ut','fuga','1970-12-28',62,'1975-01-19 05:08:26','Adamsview'),(63,63,'D','adipisci','officiis','2007-02-06',63,'1971-03-09 21:40:10','Skilesfort'),(64,64,'M','est','aspernatur','1995-03-30',64,'2004-01-16 23:46:21','Vickiefurt'),(65,65,'P','et','provident','2003-04-28',65,'1983-05-29 13:09:16','Port Doris'),(66,66,'M','vel','sit','1981-05-29',66,'2019-08-30 06:54:02','Beattyside'),(67,67,'M','officia','doloremque','1973-02-07',67,'2018-05-15 15:15:15','New Madelynhaven'),(68,68,'P','iste','sit','1992-09-15',68,'1994-05-22 06:08:32','East Lilian'),(69,69,'M','nostrum','totam','2012-05-24',69,'1979-05-25 14:19:37','Chelsieside'),(70,70,'M','deleniti','velit','2000-03-18',70,'2017-06-09 03:45:29','Beattyland'),(71,71,'D','libero','voluptas','2008-04-26',71,'1986-07-22 21:00:51','North Finnhaven'),(72,72,'D','autem','rerum','2019-11-04',72,'1973-08-07 08:29:46','Zulaufshire'),(73,73,'M','eum','neque','1978-09-20',73,'1989-06-07 23:51:16','East Elroymouth'),(74,74,'D','iure','et','1996-08-11',74,'1987-11-12 14:13:14','Reganburgh'),(75,75,'M','non','beatae','1978-08-27',75,'2009-01-27 08:27:07','Zorachester'),(76,76,'M','ratione','eius','1985-01-16',76,'1982-07-04 18:40:42','New Herbert'),(77,77,'M','voluptatem','sint','1978-05-24',77,'1993-08-05 19:19:40','Port Estel'),(78,78,'P','ea','iure','2019-01-20',78,'2002-04-19 12:12:54','New Harmonfurt'),(79,79,'P','eligendi','nulla','2010-02-23',79,'1998-04-01 08:34:25','Katelynnfurt'),(80,80,'M','ea','reprehenderit','1997-04-08',80,'1999-04-17 21:32:41','Raynorstad'),(81,81,'P','qui','molestiae','1977-08-10',81,'2000-06-23 06:29:23','West Pearlieview'),(82,82,'M','non','sunt','2001-06-08',82,'2003-07-29 06:29:21','Abbottland'),(83,83,'D','cum','nesciunt','2019-12-04',83,'2013-08-25 03:03:05','Eichmannberg'),(84,84,'M','tempore','ut','1981-01-25',84,'2006-12-17 13:42:03','Lilianshire'),(85,85,'M','quaerat','voluptates','1982-03-22',85,'1996-01-18 20:26:28','Jenkinsberg'),(86,86,'P','omnis','iure','1990-06-22',86,'1971-10-24 23:50:49','North Santiago'),(87,87,'M','impedit','quasi','1976-04-04',87,'1990-02-23 09:40:46','Gerlachland'),(88,88,'M','accusantium','aut','1971-04-02',88,'2019-06-18 22:09:46','East Mittie'),(89,89,'P','sunt','et','2011-02-23',89,'2016-05-11 19:46:25','Gussieside'),(90,90,'M','laboriosam','iste','1983-08-25',90,'2010-06-19 20:42:01','Edenfort'),(91,91,'P','et','quia','1975-08-24',91,'2015-07-23 23:34:08','Bodeview'),(92,92,'D','nam','voluptas','2015-08-08',92,'2015-07-06 13:29:34','East Carmine'),(93,93,'M','dicta','quae','1985-12-14',93,'1991-07-17 19:01:38','Christianchester'),(94,94,'D','commodi','accusamus','2017-08-16',94,'1976-04-08 18:56:23','Port Dereck'),(95,95,'M','in','rerum','1991-08-23',95,'2005-12-23 01:38:24','Port Emmitt'),(96,96,'M','officiis','quo','2011-08-04',96,'1984-01-16 21:25:59','Jewelside'),(97,97,'D','ab','qui','1997-03-14',97,'1971-08-24 13:51:52','South Fosterstad'),(98,98,'M','perferendis','et','1973-10-19',98,'2003-03-15 17:27:31','North Fredericport'),(99,99,'M','quam','et','1986-06-01',99,'1975-08-21 19:44:07','South Marco'),(100,100,'M','aperiam','fuga','1974-08-18',100,'2002-11-07 21:02:57','Lake Jasmin');
/*!40000 ALTER TABLE `profiles` ENABLE KEYS */;
UNLOCK TABLES;

--
-- Table structure for table `repost`
--

DROP TABLE IF EXISTS `repost`;
/*!40101 SET @saved_cs_client     = @@character_set_client */;
/*!50503 SET character_set_client = utf8mb4 */;
CREATE TABLE `repost` (
  `id` bigint unsigned NOT NULL AUTO_INCREMENT,
  `post_id` bigint unsigned NOT NULL,
  `reposted_to` bigint unsigned NOT NULL,
  `reposted_from` bigint unsigned NOT NULL,
  `reposted_at` datetime DEFAULT CURRENT_TIMESTAMP,
  PRIMARY KEY (`id`),
  UNIQUE KEY `id` (`id`),
  KEY `reposted_to` (`reposted_to`),
  KEY `post_id` (`post_id`),
  CONSTRAINT `repost_ibfk_1` FOREIGN KEY (`reposted_to`) REFERENCES `users` (`id`),
  CONSTRAINT `repost_ibfk_2` FOREIGN KEY (`post_id`) REFERENCES `posts` (`id`)
) ENGINE=InnoDB AUTO_INCREMENT=301 DEFAULT CHARSET=utf8mb4 COLLATE=utf8mb4_0900_ai_ci;
/*!40101 SET character_set_client = @saved_cs_client */;

--
-- Dumping data for table `repost`
--

LOCK TABLES `repost` WRITE;
/*!40000 ALTER TABLE `repost` DISABLE KEYS */;
INSERT INTO `repost` VALUES (201,1,1,0,'2016-10-10 01:36:19'),(202,2,2,0,'2015-10-04 19:24:07'),(203,3,3,0,'1995-03-08 07:34:55'),(204,4,4,0,'2005-10-01 11:35:14'),(205,5,5,0,'1978-01-14 05:18:38'),(206,6,6,0,'1990-01-02 20:58:02'),(207,7,7,0,'1971-06-28 12:27:16'),(208,8,8,0,'2001-07-30 23:02:12'),(209,9,9,0,'1989-09-19 04:40:48'),(210,10,10,0,'2000-02-12 19:14:04'),(211,11,11,0,'1981-11-19 12:21:51'),(212,12,12,0,'1977-04-04 16:02:34'),(213,13,13,0,'2015-03-12 02:38:55'),(214,14,14,0,'1972-04-05 12:57:59'),(215,15,15,0,'1979-03-01 17:06:48'),(216,16,16,0,'1979-03-08 08:01:09'),(217,17,17,0,'2003-07-06 05:43:38'),(218,18,18,0,'2010-11-09 12:16:50'),(219,19,19,0,'2008-02-28 04:26:42'),(220,20,20,0,'1978-02-23 06:45:10'),(221,21,21,0,'1979-09-07 21:20:30'),(222,22,22,0,'2014-05-26 18:24:47'),(223,23,23,0,'2019-05-09 19:32:04'),(224,24,24,0,'2008-11-05 08:40:45'),(225,25,25,0,'1999-12-22 13:57:04'),(226,26,26,0,'1972-09-08 18:13:18'),(227,27,27,0,'1979-04-24 08:58:29'),(228,28,28,0,'1990-08-14 14:15:18'),(229,29,29,0,'1995-12-02 03:10:33'),(230,30,30,0,'1983-12-06 18:14:17'),(231,31,31,0,'1976-08-25 00:07:08'),(232,32,32,0,'2016-08-16 20:55:05'),(233,33,33,0,'1975-10-12 16:36:52'),(234,34,34,0,'1988-04-27 07:01:47'),(235,35,35,0,'2004-03-10 19:48:01'),(236,36,36,0,'1972-12-04 12:26:03'),(237,37,37,0,'2012-06-21 16:33:37'),(238,38,38,0,'2007-01-28 13:51:02'),(239,39,39,0,'1989-11-21 18:31:37'),(240,40,40,0,'1982-08-14 06:04:58'),(241,41,41,0,'1976-08-09 13:16:41'),(242,42,42,0,'2005-08-21 23:09:30'),(243,43,43,0,'2015-09-16 21:22:27'),(244,44,44,0,'1997-09-29 06:49:01'),(245,45,45,0,'2011-01-14 02:25:43'),(246,46,46,0,'1997-10-28 10:51:16'),(247,47,47,0,'1979-05-20 10:14:59'),(248,48,48,0,'1995-05-10 02:58:24'),(249,49,49,0,'2010-09-29 20:47:34'),(250,50,50,0,'1994-11-01 07:19:52'),(251,51,51,0,'2001-04-18 02:00:00'),(252,52,52,0,'1999-06-06 12:19:51'),(253,53,53,0,'2003-12-30 11:07:42'),(254,54,54,0,'1979-02-24 15:23:33'),(255,55,55,0,'1982-01-01 13:59:59'),(256,56,56,0,'2000-06-16 17:34:37'),(257,57,57,0,'2008-09-23 12:14:16'),(258,58,58,0,'1987-09-30 17:37:37'),(259,59,59,0,'2019-10-12 17:57:40'),(260,60,60,0,'2001-11-24 05:34:58'),(261,61,61,0,'2007-04-29 07:37:37'),(262,62,62,0,'1971-09-16 09:49:30'),(263,63,63,0,'2004-03-19 11:35:30'),(264,64,64,0,'1974-02-19 13:52:45'),(265,65,65,0,'2019-02-18 19:27:13'),(266,66,66,0,'1983-03-20 10:34:12'),(267,67,67,0,'1993-02-15 13:29:52'),(268,68,68,0,'1991-01-03 05:31:36'),(269,69,69,0,'1990-02-10 18:29:50'),(270,70,70,0,'1996-03-02 18:29:36'),(271,71,71,0,'1972-09-28 14:05:19'),(272,72,72,0,'1989-08-24 00:42:52'),(273,73,73,0,'2011-05-15 23:40:10'),(274,74,74,0,'1970-10-11 17:31:50'),(275,75,75,0,'1984-08-21 17:12:33'),(276,76,76,0,'1972-12-13 00:04:00'),(277,77,77,0,'1971-04-13 11:07:07'),(278,78,78,0,'1986-06-14 04:52:34'),(279,79,79,0,'2001-04-03 02:48:19'),(280,80,80,0,'1974-01-28 00:54:25'),(281,81,81,0,'2018-12-31 11:52:14'),(282,82,82,0,'2001-03-14 23:20:17'),(283,83,83,0,'2000-12-31 08:56:16'),(284,84,84,0,'1982-08-30 15:36:52'),(285,85,85,0,'2010-06-30 22:52:06'),(286,86,86,0,'1989-04-07 00:27:14'),(287,87,87,0,'1986-08-19 04:38:30'),(288,88,88,0,'1979-05-14 02:35:04'),(289,89,89,0,'1988-12-10 11:29:31'),(290,90,90,0,'1994-06-24 03:02:57'),(291,91,91,0,'1983-11-30 18:14:45'),(292,92,92,0,'2020-04-20 06:48:21'),(293,93,93,0,'1997-02-22 08:43:37'),(294,94,94,0,'2009-03-18 19:46:08'),(295,95,95,0,'2013-04-24 08:37:55'),(296,96,96,0,'1994-01-10 04:48:56'),(297,97,97,0,'1980-09-27 20:49:13'),(298,98,98,0,'1974-06-25 03:08:24'),(299,99,99,0,'2019-06-11 21:33:26'),(300,100,100,0,'2003-03-26 10:47:35');
/*!40000 ALTER TABLE `repost` ENABLE KEYS */;
UNLOCK TABLES;

--
-- Table structure for table `users`
--

DROP TABLE IF EXISTS `users`;
/*!40101 SET @saved_cs_client     = @@character_set_client */;
/*!50503 SET character_set_client = utf8mb4 */;
CREATE TABLE `users` (
  `id` bigint unsigned NOT NULL AUTO_INCREMENT,
  `email` varchar(120) DEFAULT NULL,
  `phone` varchar(15) DEFAULT NULL,
  `pass` varchar(200) DEFAULT NULL,
  PRIMARY KEY (`id`),
  UNIQUE KEY `id` (`id`),
  UNIQUE KEY `email` (`email`)
) ENGINE=InnoDB AUTO_INCREMENT=101 DEFAULT CHARSET=utf8mb4 COLLATE=utf8mb4_0900_ai_ci;
/*!40101 SET character_set_client = @saved_cs_client */;

--
-- Dumping data for table `users`
--

LOCK TABLES `users` WRITE;
/*!40000 ALTER TABLE `users` DISABLE KEYS */;
INSERT INTO `users` VALUES (1,'qbins@example.org','+08(6)508711346','vel'),(2,'jwunsch@example.com','1-132-237-3825x','quasi'),(3,'sokuneva@example.org','1-115-038-0059x','deserunt'),(4,'lmedhurst@example.net','353-085-1581x78','fugiat'),(5,'adach@example.com','(317)031-6688x2','magnam'),(6,'beahan.keely@example.org','1-807-410-3163','sunt'),(7,'otto93@example.net','05601108477','iure'),(8,'schulist.addison@example.com','(841)744-9250x0','quis'),(9,'arno.terry@example.com','220.307.1451','cupiditate'),(10,'marguerite40@example.net','077-288-7212x57','aperiam'),(11,'leonel.runolfsdottir@example.net','695-226-6254','esse'),(12,'carol73@example.com','02966968965','sed'),(13,'verda.ruecker@example.org','+86(2)520111586','sed'),(14,'agnes.olson@example.net','(249)126-7531x7','a'),(15,'fahey.jeramie@example.org','1-748-115-6037x','esse'),(16,'giovanna26@example.org','387.744.2132','similique'),(17,'joanny98@example.org','1-161-171-8609x','ratione'),(18,'bradford18@example.org','1-766-170-4797x','sapiente'),(19,'patience47@example.org','380-553-0703x70','aut'),(20,'reynold36@example.net','(960)292-2063x4','laudantium'),(21,'ealtenwerth@example.com','(203)440-9847','qui'),(22,'feil.camilla@example.com','(459)603-9229','voluptatum'),(23,'lemke.santiago@example.org','1-797-597-3670x','blanditiis'),(24,'adolfo.o\'hara@example.com','(141)788-8505','est'),(25,'fjacobson@example.net','(695)925-3511x3','in'),(26,'alyce.heller@example.com','872-577-0843','voluptas'),(27,'larson.maiya@example.com','+01(1)593859432','fugiat'),(28,'myriam94@example.org','043.490.2810','voluptate'),(29,'rjast@example.net','462-957-9895','distinctio'),(30,'ortiz.stacy@example.com','1-932-090-2877x','nobis'),(31,'stokes.estelle@example.org','251-022-3530','qui'),(32,'ryley21@example.net','(952)540-0062x7','voluptatem'),(33,'coy70@example.org','982.247.6768','in'),(34,'kuvalis.gonzalo@example.com','088-822-6468','provident'),(35,'fay.larson@example.net','217.122.9937','labore'),(36,'schaden.gideon@example.net','+17(2)714800307','eum'),(37,'sigurd55@example.com','890.293.2557x25','quam'),(38,'erica43@example.net','043-719-2180x68','eos'),(39,'rey63@example.org','1-224-507-2303x','ullam'),(40,'kennith.gerlach@example.com','120-078-2755x13','magnam'),(41,'keeling.sandy@example.org','(018)022-0716x9','saepe'),(42,'lora.gleason@example.com','775.441.2393x50','dignissimos'),(43,'nboyle@example.com','(074)981-2367x2','rem'),(44,'burley.haley@example.net','778-874-4521','rem'),(45,'sedrick.kuphal@example.com','05564387749','in'),(46,'schiller.devin@example.com','1-575-230-6113','tenetur'),(47,'carlos75@example.net','01704293780','mollitia'),(48,'qleannon@example.com','(088)609-5485x1','et'),(49,'patience.homenick@example.com','1-153-553-1959x','aspernatur'),(50,'hintz.nikki@example.net','543.293.0176x78','odio'),(51,'hfeest@example.org','186-115-6927','quidem'),(52,'yazmin.cormier@example.org','875.574.4728','quo'),(53,'vschiller@example.com','316-995-1870x99','dolores'),(54,'brandt83@example.com','(053)788-3331x2','quas'),(55,'torey66@example.com','(476)124-7109','alias'),(56,'christelle.rutherford@example.com','1-075-558-5496x','dolores'),(57,'jayden09@example.net','(045)092-6934x4','et'),(58,'glover.norris@example.org','(032)368-6218x0','ratione'),(59,'ulabadie@example.net','358.197.2257x88','adipisci'),(60,'cschmidt@example.org','+93(5)755111544','sed'),(61,'glenna.thompson@example.org','(016)753-7986x6','ex'),(62,'jonatan.cole@example.com','917.624.8977x51','sequi'),(63,'cade13@example.org','216-858-7628x75','laudantium'),(64,'beatty.loyal@example.org','(741)927-1741x0','at'),(65,'nblick@example.org','468.494.2539x03','soluta'),(66,'tmorar@example.net','1-556-129-7032','non'),(67,'unique.mitchell@example.com','971-438-9283x43','nemo'),(68,'marianna.braun@example.com','09315861754','est'),(69,'gottlieb.verner@example.org','+61(6)659171754','magni'),(70,'kuvalis.ladarius@example.com','1-082-894-1306x','est'),(71,'kihn.kayleigh@example.net','(302)211-5305','qui'),(72,'robel.edwardo@example.com','156.554.9117x94','minima'),(73,'chester85@example.com','770.084.4284x72','non'),(74,'considine.carson@example.org','+81(3)754265316','totam'),(75,'jefferey.swaniawski@example.net','770-285-1382x18','et'),(76,'pcronin@example.com','+06(1)273092760','voluptatem'),(77,'marge.heathcote@example.com','696.437.8786','fugiat'),(78,'wnitzsche@example.com','722.032.8468x35','consequatur'),(79,'keebler.margret@example.org','1-061-796-4121x','quia'),(80,'bdickinson@example.net','1-460-233-8625x','optio'),(81,'norris63@example.net','04179415202','ut'),(82,'rutherford.patsy@example.org','1-590-257-7464x','architecto'),(83,'cole.fabian@example.com','(428)388-2551','iusto'),(84,'madisyn93@example.com','420.957.4525','in'),(85,'pat.walker@example.com','1-897-768-5127x','ut'),(86,'pacocha.joanie@example.com','1-860-120-3541x','quibusdam'),(87,'maymie20@example.net','05063742150','sit'),(88,'eladio.bergnaum@example.com','231.704.9492x91','soluta'),(89,'tyshawn.hilll@example.net','(417)425-9640x6','aut'),(90,'farrell.brad@example.com','944-277-6506x96','quos'),(91,'macie.rippin@example.net','+57(8)540335730','animi'),(92,'emelie98@example.com','(630)946-6534x4','asperiores'),(93,'mschmidt@example.org','06083238159','necessitatibus'),(94,'ttorp@example.com','517.226.7041','reprehenderit'),(95,'fhayes@example.org','+00(9)992601093','ut'),(96,'erica.crona@example.org','146-943-3259','quasi'),(97,'albina.waters@example.com','831.441.9688x99','aspernatur'),(98,'lola.koss@example.net','+80(4)949785479','inventore'),(99,'emard.reuben@example.org','+64(4)569684839','fuga'),(100,'macejkovic.aniya@example.com','1-508-894-8186','magnam');
/*!40000 ALTER TABLE `users` ENABLE KEYS */;
UNLOCK TABLES;

--
-- Table structure for table `users_communities`
--

DROP TABLE IF EXISTS `users_communities`;
/*!40101 SET @saved_cs_client     = @@character_set_client */;
/*!50503 SET character_set_client = utf8mb4 */;
CREATE TABLE `users_communities` (
  `user_id` bigint unsigned NOT NULL,
  `community_id` bigint unsigned NOT NULL,
  `is_admin` tinyint(1) DEFAULT NULL,
  PRIMARY KEY (`user_id`,`community_id`),
  KEY `community_id` (`community_id`),
  CONSTRAINT `users_communities_ibfk_1` FOREIGN KEY (`user_id`) REFERENCES `users` (`id`),
  CONSTRAINT `users_communities_ibfk_2` FOREIGN KEY (`community_id`) REFERENCES `communities` (`id`)
) ENGINE=InnoDB DEFAULT CHARSET=utf8mb4 COLLATE=utf8mb4_0900_ai_ci;
/*!40101 SET character_set_client = @saved_cs_client */;

--
-- Dumping data for table `users_communities`
--

LOCK TABLES `users_communities` WRITE;
/*!40000 ALTER TABLE `users_communities` DISABLE KEYS */;
INSERT INTO `users_communities` VALUES (1,1,1),(2,2,1),(3,3,1),(4,4,1),(5,5,1),(6,6,0),(7,7,0),(8,8,0),(9,9,0),(10,10,1),(11,11,0),(12,12,0),(13,13,0),(14,14,0),(15,15,0),(16,16,1),(17,17,0),(18,18,0),(19,19,1),(20,20,1),(21,21,0),(22,22,1),(23,23,0),(24,24,0),(25,25,1),(26,26,1),(27,27,0),(28,28,0),(29,29,0),(30,30,0),(31,31,0),(32,32,0),(33,33,1),(34,34,0),(35,35,1),(36,36,1),(37,37,1),(38,38,0),(39,39,1),(40,40,0),(41,41,1),(42,42,0),(43,43,0),(44,44,1),(45,45,1),(46,46,0),(47,47,0),(48,48,0),(49,49,0),(50,50,0),(51,51,1),(52,52,0),(53,53,0),(54,54,0),(55,55,1),(56,56,0),(57,57,0),(58,58,1),(59,59,1),(60,60,1),(61,61,0),(62,62,1),(63,63,0),(64,64,0),(65,65,0),(66,66,1),(67,67,0),(68,68,0),(69,69,1),(70,70,0),(71,71,0),(72,72,0),(73,73,1),(74,74,1),(75,75,1),(76,76,0),(77,77,0),(78,78,0),(79,79,0),(80,80,1),(81,81,1),(82,82,0),(83,83,1),(84,84,1),(85,85,1),(86,86,0),(87,87,0),(88,88,0),(89,89,1),(90,90,1),(91,91,1),(92,92,0),(93,93,0),(94,94,1),(95,95,0),(96,96,0),(97,97,1),(98,98,0),(99,99,1),(100,100,0);
/*!40000 ALTER TABLE `users_communities` ENABLE KEYS */;
UNLOCK TABLES;
/*!40103 SET TIME_ZONE=@OLD_TIME_ZONE */;

/*!40101 SET SQL_MODE=@OLD_SQL_MODE */;
/*!40014 SET FOREIGN_KEY_CHECKS=@OLD_FOREIGN_KEY_CHECKS */;
/*!40014 SET UNIQUE_CHECKS=@OLD_UNIQUE_CHECKS */;
/*!40101 SET CHARACTER_SET_CLIENT=@OLD_CHARACTER_SET_CLIENT */;
/*!40101 SET CHARACTER_SET_RESULTS=@OLD_CHARACTER_SET_RESULTS */;
/*!40101 SET COLLATION_CONNECTION=@OLD_COLLATION_CONNECTION */;
/*!40111 SET SQL_NOTES=@OLD_SQL_NOTES */;

-- Dump completed on 2020-07-14 12:48:54
